,seed_term,result_terms
0,대기오염,발파
1,대기오염,지역
2,대기오염,사망자
3,대기오염,고도
4,대기오염,존재
5,대기오염,성지
6,대기오염,천식
7,대기오염,각계
8,대기오염,철폐
9,대기오염,소자본
10,대기오염,힘
11,대기오염,외출
12,대기오염,객담
13,대기오염,후두염
14,대기오염,운송
15,대기오염,앞
16,대기오염,추진
17,대기오염,아이템
18,대기오염,근무
19,대기오염,위치
20,대기오염,기술
21,대기오염,점막
22,대기오염,운행
23,대기오염,스트레스
24,대기오염,손상
25,대기오염,방출
26,대기오염,스모그
27,대기오염,알레르기
28,대기오염,흡연
29,대기오염,규모
30,대기오염,환자
31,대기오염,부품
32,대기오염,장
33,대기오염,관리
34,대기오염,폭풍
35,대기오염,발생
36,대기오염,호흡
37,대기오염,물질
38,대기오염,예비
39,대기오염,자국민
40,대기오염,기관지
41,대기오염,피해
42,대기오염,공기
43,대기오염,녹색
44,대기오염,급
45,대기오염,파괴
46,대기오염,적극
47,대기오염,오존
48,대기오염,염증
49,대기오염,단계
50,대기오염,건강
51,대기오염,전문점
52,대기오염,피부
53,대기오염,경력
54,대기오염,초등
55,대기오염,기업
56,대기오염,호흡기
57,대기오염,공원
58,대기오염,투자
59,대기오염,국산
60,대기오염,두피
61,대기오염,사용
62,대기오염,나무
63,대기오염,어린이
64,대기오염,사망
65,대기오염,차량
66,대기오염,대나무
67,대기오염,음식점
68,대기오염,증상
69,대기오염,소독
70,대기오염,교체
71,대기오염,확인
72,대기오염,관련
73,대기오염,연구
74,대기오염,색상
75,대기오염,탄소
76,대기오염,보도
77,대기오염,상황
78,대기오염,완화
79,대기오염,공장
80,대기오염,기능
81,대기오염,교육
82,대기오염,쏠려
83,대기오염,따라
84,대기오염,즈
85,대기오염,관심
86,대기오염,성공
87,대기오염,지하철
88,대기오염,속
89,대기오염,악영향
90,대기오염,비용
91,대기오염,지구대
92,대기오염,오존층
93,대기오염,방사
94,대기오염,등급
95,대기오염,기준
96,대기오염,대두
97,대기오염,휴교령
98,대기오염,동학
99,대기오염,현상
100,대기오염,관내
101,대기오염,공단
102,대기오염,소속
103,대기오염,상당
104,대기오염,신화
105,대기오염,논문
106,대기오염,환경
107,대기오염,날
108,대기오염,정책
109,대기오염,지표
110,대기오염,콘
111,대기오염,정상
112,대기오염,블레오마이신
113,대기오염,가스
114,대기오염,구름
115,대기오염,노동
116,대기오염,종목
117,대기오염,변국
118,대기오염,심기
119,대기오염,량
120,대기오염,위험
121,대기오염,폐암
122,대기오염,체계
123,대기오염,주목
124,대기오염,눈앞
125,대기오염,예보
126,대기오염,최신
127,대기오염,경우
128,대기오염,신흥
129,대기오염,환산
130,대기오염,옥상
131,대기오염,심장병
132,대기오염,근로자
133,대기오염,산성화
134,대기오염,수준
135,대기오염,차
136,대기오염,반대
137,대기오염,친환경
138,대기오염,요즘
139,대기오염,색인
140,대기오염,조
141,대기오염,놀이
142,대기오염,제한
143,대기오염,보일러
144,대기오염,미립자
145,대기오염,예상
146,대기오염,평소
147,대기오염,수요
148,대기오염,농도
149,대기오염,근거
150,대기오염,수급
151,대기오염,행정
152,대기오염,문제
153,대기오염,질환
154,대기오염,저공해차
155,대기오염,최근
156,대기오염,효율
157,대기오염,사람
158,대기오염,창업자
159,대기오염,주민
160,대기오염,대해
161,대기오염,곳곳
162,대기오염,비율
163,대기오염,섬유
164,대기오염,신호
165,대기오염,굴진
166,대기오염,특징
167,대기오염,증가
168,대기오염,분류
169,대기오염,체감
170,대기오염,터널
171,대기오염,휴식처
172,대기오염,평상시
173,대기오염,수양
174,대기오염,유병
175,대기오염,수
176,대기오염,휘발유
177,대기오염,오염
178,대기오염,번호판
179,대기오염,알레르기성
180,대기오염,방지
181,대기오염,소나무
182,대기오염,폐
183,대기오염,급증
184,대기오염,폐쇄성
185,대기오염,이산화
186,대기오염,심장
187,대기오염,지상
188,대기오염,차단
189,대기오염,교
190,대기오염,중산
191,대기오염,마련
192,대기오염,측정
193,대기오염,경보
194,대기오염,정도
195,대기오염,석재
196,대기오염,처
197,대기오염,구입
198,대기오염,실내
199,대기오염,공공
200,대기오염,간
201,대기오염,산소
202,대기오염,도
203,대기오염,대책
204,대기오염,활동
205,대기오염,실외
206,대기오염,과다
207,대기오염,창업
208,대기오염,서면
209,대기오염,비염
210,대기오염,국가
211,대기오염,국제
212,대기오염,전문가
213,대기오염,상아
214,대기오염,나흘
215,대기오염,육성
216,대기오염,감소
217,대기오염,화증
218,대기오염,야외
219,대기오염,대표
220,대기오염,소아
221,대기오염,기도
222,대기오염,학술지
223,대기오염,필요
224,대기오염,세계
225,대기오염,해역
226,대기오염,개선
227,대기오염,해
228,대기오염,낭패
229,대기오염,각층
230,대기오염,면모
231,대기오염,정부
232,대기오염,일진
233,대기오염,산지
234,대기오염,팀
235,대기오염,일명
236,대기오염,산업
237,대기오염,생태
238,대기오염,호흡기계
239,대기오염,지난해
240,대기오염,기온
241,대기오염,배
242,대기오염,글로벌
243,대기오염,심혈
244,대기오염,몸살
245,대기오염,기침
246,대기오염,재정
247,대기오염,내용
248,대기오염,교외
249,대기오염,운동
250,대기오염,평균
251,대기오염,경매
252,대기오염,기관
253,대기오염,사실
254,대기오염,감산
255,대기오염,수단
256,대기오염,유발
257,대기오염,고통
258,대기오염,건담
259,대기오염,발표
260,대기오염,인근
261,대기오염,반응
262,대기오염,초목
263,대기오염,예방
264,대기오염,열기
265,대기오염,가운데
266,대기오염,마비
267,대기오염,생존
268,대기오염,자체
269,대기오염,대기오염
270,대기오염,참여
271,대기오염,가래
272,대기오염,보호
273,대기오염,인식
274,대기오염,지구촌
275,대기오염,측정기
276,대기오염,질병
277,대기오염,시민
278,대기오염,광산
279,대기오염,싸워
280,대기오염,과학
281,대기오염,억제
282,대기오염,이내
283,대기오염,상공
284,대기오염,의무
285,대기오염,배기가스
286,대기오염,도움
287,대기오염,선생
288,대기오염,원인
289,대기오염,자동차
290,대기오염,이름
291,대기오염,손실
292,대기오염,산정
293,대기오염,생활
294,대기오염,곤란
295,대기오염,패턴
296,대기오염,활용
297,대기오염,직업
298,대기오염,유입
299,대기오염,수도
300,대기오염,소재
301,대기오염,말
302,대기오염,환경부
303,대기오염,폐활량
304,대기오염,만성
305,대기오염,사업
306,대기오염,선박
307,대기오염,노폐물
308,대기오염,양회
309,대기오염,최대
310,대기오염,황산화물
311,대기오염,조직
312,대기오염,저감
313,대기오염,사업장
314,대기오염,임직원
315,대기오염,운영
316,대기오염,부제
317,대기오염,농작물
318,대기오염,기대
319,대기오염,조절
320,대기오염,개정안
321,대기오염,피부염
322,대기오염,연료
323,대기오염,숨
324,대기오염,생태계
325,대기오염,쌓여
326,대기오염,벌레
327,대기오염,연간
328,대기오염,적용
329,대기오염,온난화
330,대기오염,밝기
331,대기오염,분비
332,대기오염,아이
333,대기오염,자극
334,대기오염,성장률
335,대기오염,여천
336,대기오염,결과
337,대기오염,불편
338,대기오염,탄광
339,대기오염,허가
340,대기오염,각광
341,대기오염,상태
342,대기오염,점
343,대기오염,작품
344,대기오염,가해
345,대기오염,현대인
346,대기오염,관
347,대기오염,판단
348,대기오염,각종
349,대기오염,생산
350,대기오염,악화
351,대기오염,아토피
352,대기오염,배출
353,대기오염,흡수력
354,대기오염,기관지염
355,대기오염,전망
356,대기오염,눈
357,대기오염,온실가스
358,대기오염,인성
359,대기오염,도시
360,대기오염,시설
361,대기오염,대기
362,대기오염,경유
363,대기오염,치료
364,대기오염,외부
365,대기오염,산책
366,대기오염,회사
367,대기오염,여부
368,대기오염,실제
369,대기오염,노후
370,대기오염,주변
371,대기오염,함유
372,대기오염,부분
373,대기오염,실시
374,대기오염,밸런스
375,대기오염,목소리
376,대기오염,숲
377,대기오염,후성
378,대기오염,효과
379,대기오염,찜질방
380,대기오염,동변
381,대기오염,일기
382,대기오염,배터리
383,대기오염,생겨
384,대기오염,인용
385,대기오염,법규
386,대기오염,불안
387,대기오염,나눠
388,대기오염,검사
389,대기오염,오염도
390,대기오염,선진국
391,대기오염,이상
392,대기오염,심신
393,대기오염,비
394,대기오염,리얼
395,대기오염,조기
396,대기오염,영향
397,대기오염,뇌졸중
398,대기오염,면역
399,대기오염,수혜
400,대기오염,상하
401,대기오염,영월군
402,대기오염,수명
403,대기오염,시멘트
404,대기오염,빛
405,대기오염,식생
406,대기오염,권역
