전신,전이,일으켜,수술,치료,항암,화학,치료,방사선,치료,
폐암,일으켜,어린이,노약자,경우,치명,질병,
화학,반응,일으켜,대기오염,물질,
화학,반응,일으켜,대기오염,물질,
변형,일으켜,암,발병률,
상승,작용,일으켜,도심,온도,
광화학,반응,일으켜,오존,광화학,산화,물질,
대기오염,일으켜,온난화,
염증,일으켜,신경,계통,
장애,일으켜,주간,피로감,
염증,일으켜,호흡기,심뇌,혈관,악영향,
탈취,반응,일으켜,공이,유해,물질,
난방,대란,불러,일으켜,국제,사회,주목,
난방,대란,불러,일으켜,국제,사회,주목,
탈취,반응,일으켜,공기,유해,물질,
심근,경색,일으켜,조기,사망,가능,
화학,반응,일으켜,
심장병,뇌졸중,일으켜,지역,사람,조기,사망,영향,
염증,반응,일으켜,실질,파괴,폐기종,기도,섬유,
염증,일으켜,각종,피부염,두피,질환,
광화학,반응,일으켜,오존,
과민,반응,일으켜,기도,경련,
경련,일으켜,호흡,곤란,
피부,염증,일으켜,조기,피부,노화,
화학,반응,일으켜,
화학,반응,일으켜,인체,질소,물,환원,친환경,인프라,
화학,반응,일으켜,인체,질소,물,환원,장치,
염증,반응,일으켜,홍반,열감,통증,부종,증상,
광화학,반응,일으켜,오존,
염증,일으켜,각종,질환,
면역,반응,일으켜,천식,아토피,증상,
알레르기,반응,일으켜,염증,
전염병,증가,일으켜,건강,악영향,
단백질,변성,작용,일으켜,트러블,
심혈,관계,질환,일으켜,시민,건강,
기관지,염증,일으켜,천식,만성,폐쇄성,
규모,폭발,일으켜,분화구,분출,화산재,서풍,
알레르기,반응,일으켜,염증,
비산,먼지,일으켜,대기오염,
알레르기,반응,일으켜,염증,
대기오염,일으켜,최근,정부,환경,오염,문제,
상호,반응,일으켜,
바람,일으켜,스모그,
바람,일으켜,스모그,
천식,일으켜,공연,
천식,일으켜,공연,
국가,경제,일으켜,과정,부산물,대기오염,
국가,경제,일으켜,과정,부산물,대기오염,
붐,일으켜,경제,교통,체질,
광화학,반응,일으켜,생성,호흡기,인체,피해,
촉매,작용,일으켜,발생,추정,지난해,공장,설립,전,자체,기술,연구소,실험,결과,이산화질소,발생,따라,엠,텍,내달,공장,가동,
문란,일으켜,주민,대립각,형성,피해,간,싸움,
온실,효과,일으켜,기온,
전기장,일으켜,입자,전하,
전기장,일으켜,입자,전하,
전기장,일으켜,입자,물질,전하,
광화학,반응,일으켜,오존,
광화학,반응,일으켜,오존,
광화학,반응,일으켜,오존,
광화학,반응,일으켜,오존,광화학,산화,물질,
화학,반응,일으켜,전기,열,
화학,반응,일으켜,전기,
화학,반응,일으켜,전기,
화학,반응,일으켜,전기,
광화학,작용,일으켜,오존,호흡,질환,
광화학,작용,일으켜,오존,호흡,질환,
광화학,반응,일으켜,오존,농도,
녹색,한류,붐,일으켜,세계,속,녹색,성장,브랜드,가치,
염증,일으켜,심장,마비,뇌졸중,
기능,장애,일으켜,결국,신체,방어,기능,
전이,일으켜,장기,정상,기능,
화학,반응,일으켜,전기,
화학,반응,일으켜,전기,
화학,반응,일으켜,전기,
화학,반응,일으켜,전기,
방해,일으켜,식물,
소음,일으켜,협곡,
광화학,반응,일으켜,발생,오존,자극,산화력,기체,감각,기관,호흡,기관,영향,
반응,일으켜,인체,오존,
안개,일으켜,주변,공단,배출,가스,대기오염,
안개,일으켜,주변,공단,배출,가스,대기오염,
이상지,혈증,일으켜,사망,
대기오염,일으켜,찜질방,음식점,운영,
대기오염,일으켜,찜질방,음식점,운영,
엔진,소음,일으켜,산책,시민,불편,
변화,일으켜,이산화,탄소,주요,흡수,원인,
화학,반응,일으켜,전기,
화학,반응,일으켜,전기,
화학,반응,일으켜,전기,
화학,반응,일으켜,전기,
화학,반응,일으켜,전기,
화학,반응,일으켜,전기,
화학,반응,일으켜,각종,규소,철,칼륨,산화물,
산화,작용,일으켜,세포,
배출,가스,의해,초미세,먼지,각종,
바늘,조직,검사,폐암,의해,흉수,발생,경우,흉수,
국민,의해,제동,중앙,지방,선거,동시,실시,국민,투표,가동,원전,
광화학,반응,의해,가스,오염,물질,고농,존재,시,호흡기,심장,질환,환자,노약자,건강,악영향,
각종,자극,물질,의해,과민,반응,일어나,기도,경련,
한중,조약,의해,소장,부본,관련,서류,
의도,의해,공격,사회,국가,
영국인,발명가,의해,시작,
성원,의해,개발,제품,반응,
현행법,의해,처벌,굴뚝,자동,측정기,부착,굴뚝,
가스,흡입,의해,폐,정상,염증,반응,발생,기능,저하,호흡,곤란,
가스,흡입,의해,폐,정상,염증,반응,발생,기능,저하,호흡,곤란,
대기오염,의해,지상,이내,고도,존재,오존,스모그,
요인,의해,발생,미세,먼지,수송,분야,기인,비상,저감,조치,단기,대책,해,보급,전기,이륜차,보급,노후,차량,저감,사업,지속,추진,파리,수준,미세,먼지,
대기,환경,보전,법,의해,이하,징역,이하,벌금형,처분,
대기오염,의해,사망,원인,야외,실내,오염,물질,
조례,의해,제한,규모,축사,돈사,신축,대해서,허가,신중,
미립자,의해,필터,
연소,의해,발생,발암,물질,
가습기,스택,의해,
질병,의해,피해,
홍수,가뭄,의해,고향,
코털,의해,먼지,
관리법,의해,실내,공기,측정,
대기오염,의해,농작물,생태,피해,
시,당국,의해,가능,판결,
향후,의해,대기오염,지역,포함,대기오염,개선,공동,협력체,
제안,의해,정책,대화,산하,연구,실무,그룹,
산하,국제,암,연구소,의해,지정,군,발암,물질,크기,구성,발생,원,
피부,의해,흡수,아이,실내,동,야외,햇볕,
바늘,조직,검사,폐암,의해,흉수,발생,경우,흉수,
유해,가스,의해,폐,염증,손상,발생,대표,만성,호흡기,질환,
필요,의해,도심,
국가,정책,의해,시장,경제,논리,측면,개발,대기오염,수질,악화,
야간,의해,개,시기,피해,
노출,의해,해당,질환,발병,증가,악화,
노출,의해,해당,질환,발병,증가,악화,
노출,의해,해당,질환,발병,증가,악화,노출,
중력,의해,침강,대기,체류,시간,인체,영향,일반,크기,이하,먼지,
협약,의해,추진,기능,
미생물,의해,오염,물질,
자극,물질,의해,과민,반응,
일명,국가,도시공원법,의해,공원,조성,관리,비용,일부,
스트레스,의해,재채기,콧물,증세,감기,호흡,곤란,호흡기,증상,
타이어,의해,마모,부분,발,황사,절대,얘기,환경부,통계청,공식,자료,
일부,언론,의해,편집,보도,과학,근거,촛불,반대,
환경,감시단,의해,적발,이번,특별,단속,
노력,의해,오늘날,
환경,악화,흡연,유해,물질,의해,발,병자,증가,추세,후,환자,이상,사망,암,예후,
촉매제,의해,냄새,연기,
환경,보호,운동가,의해,시작,만리장성,보호,운동,
경유,차,건설,기계,의해,발생,
대기오염,의해,억제,
지시,의해,기관,증인,출석,국감,단순,기피,거부,국감,
로비,의해,말,국민,혈세,
유해,가스,의해,인체,피해,발생,단점,나라,원자력,발전,
필요,의해,위원회,적극,활용,시민,원,검토,발,전방,안,
천둥,의해,오존,이온,
요인,의해,발생,오염물,측정,시간,사례,오염,물질,발생,
필요,의해,조성,외곽,공항,대기오염,주요,원인,
화학,반응,의해,생성,생성,
양국,경제인,의해,서명,환태평양,경제,동반자,협정,참여,
대기오염,물질,의해,폐,정상,염증,반응,경우,
호흡,의해,몸,흡입,인체,영향,
환경,기준,의해,제작,차량,시간,지나,배출,가스,기준,
발생,의해,악화,대기,
각종,대기오염,물질,의해,발생,호흡기,질환,
대기오염,의해,
스트레스,의해,재채기,콧물,증세,악화,감기,호흡,곤란,호흡기,증상,
대기오염,물질,의해,손상,점막,조직,
눈,의해,평가,측정,링겔만,방식,
홈페이지,의해,설립,연구소,소개,소장,
기류,의해,변동,물질,검출,가능,
기류,의해,변동,물질,검출,가능,
기류,의해,변동,물질,검출,가능,
기류,의해,변동,물질,검출,가능,
기류,의해,변동,물질,검출,가능,
기류,의해,변동,물질,검출,가능,
기류,의해,변동,물질,검출,가능,
기류,의해,변동,물질,검출,가능,
기류,의해,변동,물질,검출,가능,
기류,의해,변동,물질,검출,가능,
기류,의해,변동,물질,검출,가능,
기류,의해,변동,물질,검출,가능,
기류,의해,변동,물질,검출,가능,
기류,의해,변동,물질,검출,가능,
기류,의해,변동,물질,검출,가능,
기류,의해,변동,물질,검출,가능,
털,의해,유발,담배,연기,냄새,가구,광택,페인트,니스,석탄,분필,분말,대기오염,기상,변화,환경,영향,
여사,의해,포장,자연,영감,
요인,의해,피부,상태,메이크업,
마찰열,의해,브레이크액,기화,
세계,보건,기구,의해,급,발암,물질,지정,초미세,먼지,농도,감소,대기,개선,사업,핵심,
통과,의해,배기가스,수치,
정식,딜러,의해,수입,판매,정식,딜러,대리점,증가,
요청,의해,연기,증거,자료,문제점,소송,연관,거짓,해외,사례,담배,회사,금전,지원,
광화학,반응,의해,생성,오존,일부,오염,물질,반응,의해,광화학,스모그,현상,
알레르기,염증,의해,기관지,반복,발병,치료,관리,
오염,물질,의해,과민,반응,
오염,물질,의해,과민,반응,
세계,보건,기구,의해,급,발암,물질,지정,정도,최근,대기오염,경기,지역,해,이상,성인,기대,수명,
자동차,배기가스,의해,화학,연료,때,질산염,암모늄,황산염,이온,성분,중금속,성분,탄소,화합물,이뤄져,국내,국외,유입,전체,
요인,의해,발생,부모,천식,
요인,의해,발생,부모,천식,
요인,의해,발생,부모,천식,
건조,지대,의해,대기,흙먼지,바람,
건조,지대,의해,대기,흙먼지,바람,
화학,물질,의해,기관지,급성,염증,발생,질환,
화학,물질,의해,기관지,급성,염증,발생,상당,기간,기침,가래,호흡,곤란,
화학,물질,의해,기관지,급성,염증,발생,상당,기간,기침,가래,호흡,곤란,
화학,물질,의해,기관지,급성,염증,발생,상당,기간,기침,가래,호흡,곤란,
실내,공기,황사,담배,연기,의해,악화,농도,황사,경우,천식,
원인,의해,기관지,폐,정상,염증,
원인,의해,기관지,폐,정상,염증,
원인,의해,기관지,폐,정상,염증,반응,일어나,호흡,곤란,
흡연,의해,파괴,조직,회복,조기,금연,
대기오염,의해,주민,고통,
애널리스트,의해,센서,시장,지문,인식,환경,헬스,차세대,센서,분야,이동,동작,인식,기존,센서,차세대,센서,센서,시장,확장,
물질,의해,기도,장애,호흡,기능,저하,질환,
물질,의해,기도,장애,호흡,기능,저하,질환,
흡연,의해,발생,만성,폐쇄성,만성,기관지염,폐기종,염증,의해,폐,
염증,의해,기능,저하,호흡,곤란,증상,
염증,의해,기능,저하,호흡,곤란,증상,
힘,의해,빼앗겨,건강,인간,
힘,의해,인간,체력,회복,
내연,기관차,의해,발생,배터리,
관련,규정,의해,각종,환경,보전,정책,
자동차,배출,가스,의해,대기오염,
경기,침체,의해,위축,수요,
먼지,황사,대기오염,의해,녹색,환경,속,외부,싸워,힘,필요,현대인,
지난해,상반기,중소기업청,의해,위장,중소기업,적발,사실,업체,행동,주장,신빙,공정성,의구심,대목,주장,업체,재판부,결정,
대기,관리,기본,계획,의해,대기오염,
영향,의해,발,미세,먼지,직행,분석,본보,실시간,대기오염도,
인간,활동,의해,발생,오염,정도,자정,능력,의해,해결,급속,산업,도시,인구,증가,인해,오염,심화,자정,능력,범위,
기후,영향,의해,유입,황사,
기후,영향,의해,유입,황사,
빗물,의해,표면,잔여,오염,물질,
인간,활동,의해,발생,각종,오염원,위해,요소,생태,전이,
프레온,가스,할론,수소,의해,오존층,파괴,반면,지표면,부근,존재,오존,대기오염,물질,사람,호흡기,눈,
미생물,의해,분해,자연,분해,비닐,포장재,
미생물,의해,분해,자연,분해,비닐,포장재,
바람,의해,불려,흙먼지,대기,퍼져서,하늘,
생활,환경,의해,면역,반응,지속,피부,건조증,가려움,짐,문제,발생,유산균,
정부,연구,기관,의해,수도,
황색,먼지,의해,공중,떠올라,바람,
대부분,연료,연소,의해,발생,보일러,자동차,배출,물질,주요,발생,원,국내외,난방,연료,사용,증가,겨울철,발생,연구,결과,대부분,대기오염,물질,국외,유입,예,일기,예,환경부,사이트,
석탄,사용,의해,발생,초미세,먼지,편서풍,
타액,의해,용해,물,복용,편리,복숭아,향,블루베리,향,민트,향,커피,민트,향,첨가,맛,향,슈퍼,멘톨,아선약,성분,
대기오염,의해,지표,상공,기온,주변,지역,보도,현상,
대기,환경,보전,법,의해,국가,대기,통합,관리,센터,대기오염,예보,업무,
관심,의해,관리,가능,환경,요인,
장내,미생물,의해,먹이,
도시,설계,의해,대기오염,소음,진동,악취,공해,각종,사고,자연재해,
교환,의해,물,
대기오염,증가,의해,유병,증가,아토피,천식,알레르기,질환,예방,
대기오염,증가,의해,유병,증가,아토피,천식,알레르기,질환,예방,
초음파,의해,방향,감각,
전력,수급,기본,계획,의해,선정,국내,최초,민간,석탄,화력,발전소,일대,사업비,
난류,의해,모래,황토,하늘,부유,상층,바람,
흡수,의해,발생,산,안개,
바람,의해,대륙,건조,지대,불려,흙먼지,기류,
흡수,의해,발생,산,안개,
바람,의해,대륙,건조,지대,불려,흙먼지,기류,
강압,의해,성기,노출,초등,나체,보여,회사원,덜미,모델,미란다,차,사고,부상,마지막,교황,예언서,논란,증폭,임신,약,
바람,의해,불려,모래,먼지,대기,퍼져서,하늘,
바람,의해,불려,모래,먼지,대기,퍼져서,하늘,
활동,의해,발생,환경,문제,대처,위해,지속,가능,개발,개념,도입,국제,사회,기후,변화,지구,환경,피해,
난방,의해,대기,배출,아황산가스,대기오염,물질,비구름,
도시,설계,의해,대기오염,소음,진동,악취,공해,각종,사고,자연재해,
도시,설계,의해,대기오염,소음,진동,악취,공해,각종,사고,자연재해,
공해,의해,호흡,곤란,경우,병원,
공해,의해,호흡,곤란,경우,병원,
잉여,에너지,의해,충전,완료,전기,힘,구동,차량,
힘,의해,다음,세대,
감기,집,먼지,진드기,꽃가루,대기오염,흡연,의해,증상,발생,악화,특징,기침,천식,기침,호흡기,가해,자극,
도시,설계,의해,대기오염,소음,진동,악취,공해,각종,사고,자연재해,
에어로졸,의해,산란,흡수,
에어로졸,의해,산란,흡수,
폐기물,관리법,의해,밭,공터,소각,행위,금지,불법,소각,과태료,부과,대상,
가뭄,의해,변화,
바이러스,의해,발병,중이염,급,성기,후,감기,
심사,위원단,의해,선정,학교,커뮤니티,온라인,투표,선정,학교,학교,선정,디저트,중학교,대기오염,건강,악영향,
원단,의해,선정,학교,커뮤니티,온라인,투표,선정,학교,학교,
심사,위원단,의해,선정,학교,커뮤니티,온라인,투표,선정,학교,학교,선정,州,디저트,중학교,대기오염,건강,악영향,
피부,접촉,의해,가려움증,
이상,점검,표,의해,자율,점검,
요인,의해,환자,수,증가,추세,나라,전체,인구,알레르기,비염,
운송,수단,의해,일반,화물,
대기,환경,보전,법,의해,석탄,고체,연료,
대기,관리,기본,계획,의해,대기오염,
외부,요인,의해,시작,환경,변화,능동,대처,시각,융합,중심,연,구단,
비,의해,씻겨,오염물,
비,의해,씻겨,오염물,
사업자,의해,조성,따라,여천,석화,산,용연,용잠,단지,지역,전체,
물질,의해,숨,
국가,산업,단지,의해,발생,사건,위험,석유,화학,단지,
물질,의해,기능,악화,
명분,의해,시작,황유,
태풍,피해,의해,형성,하천,섬,민간,힘,
진동,의해,방출,에너지,대기오염,수질,오염,토양,오염,공해,정도,생활,밀접,관계,
부과,계수,규정,의해,배출,부과금,
심사,위원단,의해,환경,경제,실용,
무인,자동,요금,징수,시스템,의해,예정,난관,민자,추진,통행,요금,
당사국,투표,의해,공식,채택,선박,대기오염,방지,
왁스,의해,보호,대기오염,물질,
당사국,투표,의해,공식,채택,선박,대기오염,방지,
정부,의해,확인,나라,사람,신경,
단지,의해,공사,
정부,의해,독점,결국,에너지,생산,선택,
바람,의해,하늘,모래,먼지,대기,퍼져서,하늘,
황사,의해,코,점막,자극,
블레이드,의해,회전,풍력,에너지,
블레이드,의해,회전,풍력,에너지,
호흡,의해,배출,이산화,탄소,양,연간,
과체,의해,발생,암,
피부,접촉,의해,가려움증,
난류,확산,의해,혼합,고도,수록,대기,악화,가능,인체,영향,주요,규제,대상,물질,분류,오존,경우,평균,농도,증가,기준치,
알레르기성,염증,의해,기관지,기침,숨소리,호흡,곤란,질환,천식,환자,밤중,새벽,기침,
알레르기성,염증,의해,기관지,기침,숨소리,호흡,곤란,질환,천식,환자,밤중,새벽,기침,
요소,의해,발병,질병,
물,의해,마을,하천,물고기,떼죽음,사건,
여부,의해,판단,공공,서비스,공공,착취,작성,
경우,상호,합의,의해,추가,기간,
경우,상호,합의,의해,추가,기간,
경우,상호,합의,의해,추가,기간,
노력,의해,해결,육군,예하,공병,여단,담당자,상사,상급,기관,국방부,질의,
온난,의해,해양,흡수,상태,평형,
대기오염,의해,숨,
시민,의해,각종,인터넷,카페,동호회,자전거,문화,
혈,의해,가래,속,피,증세,
광화학,반응,의해,발생,호흡기,눈,자극,
세균,감염,의해,아토피,피부염,악화,여름,습도,열기,건조,대기,아토피,피부염,
이산화질소,의해,생성,오존,농도,사이,
교수,연구,팀,의해,순천,향대,교수,연구,팀,지역,대기,입자,중금속,농도,
가열,의해,주위,수분,
자외선,의해,광화학,반응,
제보,의해,확인,곳,주유소,
일정,시간,정차,시,공회전,의해,발생,연료,소비량,배출,가스,
일정,시간,정차,시,공회전,의해,발생,연료,소비량,배출,가스,
일정,시간,정차,때,공회전,의해,발생,연료,소비량,배출,가스,
일정,시간,정차,시,공회전,의해,발생,연료,소비량,배출,가스,
일정,시간,정차,시,공회전,의해,발생,연료,소비량,배출,가스,
일정,시간,정차,때,공회전,의해,발생,연료,소비량,배출,가스,
온도,의해,증발,팽창,열,
태양,의해,스모그,현상,발생,오존,생성,빛,
태양광,의해,반응,
정부,의해,녹색,성장,개념,동북,성,진흥,계획,포함,동북,성도,녹색,성장,관련,기술,투자자,확보,관심,
독성,흡입,물질,의해,기도,염증,지속,도,기도,폐쇄,질환,
고황,유가,방지,시설,의해,황,함량,인,청정,연료,아황산가스,
정망,의해,지역,평균,대기,농도,자동차,통,행량,유동,인구,도로변,대기,변화,추이,
정망,의해,지역,평균,대기,농도,자동차,통,행량,유동,인구,도로변,대기,변화,추이,
다이옥신,의해,오염,개연,
주민,의해,주민,후보,추대,당선,운동,
에너지,보존,법칙,의해,석탄,
요인,의해,증상,심화,아토피,피부염,공개,강연회,
전기,화학,반응,의해,전기,
국내,연구,진,의해,개발,공개,과학,기술,연구원,박사,팀,개최,경제,협력,개발,기구,세계,포럼,국제,전시회,자동차,배출,가스,측정,차량,운행,시스템,
차량,의해,점령,주민,항의,일부,주민,주차,공간,확보,
불빛,의해,관측,방해,
대기,환경,보전,법,의해,고발,조업,정지,행정,처분,
봉사자,의해,운영,가게,형태,햇살,터,활용,알뜰,매장이,진천,경찰서,광장,자리,
흡연,대기오염,노령,의해,기관지,폐,염증,기침,가래,호흡,곤란,증상,폐활량,감소,호흡기계,질환,환경부,양회,시멘트,공장,광산,영월군,서면,주민,
항암제,의해,성장,종양,세포,
콜,센터,의해,관리,안심,이용,이용,
기관지,알레르기,의해,소위,천식,증상,기침,호흡,곤란,반복,발생,
대기,환경,보전,법,의해,개선,명령,이하,과태료,이내,운행,정지,처분,
대기오염,의해,도시,공기,눈앞,대기오염,현상,
대기오염,의해,도시,공기,눈앞,대기오염,현상,
흡착,의해,물,
바람,의해,부유,편서풍,
온도,의해,다양,영향,
국내,기술진,의해,개발,온라인,전기,자동차,배터리,비상,사용,행시,도로,설치,단일,선,급전,코일,고주파,유도,전기,
의장,의해,사용,금리,
인공,시설물,대기오염,의해,도시,기온,교외,현상,완화,
장기,수소,자동차,보급,계획,따라,버스,승용차,충전,가능,충전,규모,
운행,제한,속도,따라,이산화,탄소,배출,량,영향,
자체,기준,따라,비상,저감,조치,
조례,따라,자치구,자체,비상,저감,조치,
해제,따라,스케이트장,운영,
해제,따라,스케이트장,운영,
지자체,방침,따라,소각장,공공사업,장,공사장,조업,조정,민간,사업장,공사장,조업,조정,권고,도로,청소차,운영,확대,공공,부문,
축적,따라,농도,
지적,따라,효율,대기,질,개선,방,안,대해,전문가,의견,
주민,뜻,따라,소각장,건립,가동,
강조,따라,그간,기업,추진,수산,가공,복합,단지,관련,사업,부지,운영,
상황,따라,북방,지역,환경,분야,협력,
협상,결과,따라,사업,추진,가시,기대,대목,위원장,내년,양국,협력,원천,기술,상용,중소,벤처,기업,시장,진출,
증거,따라,발암,물질,인체,암,
제품,따라,프리미엄,제품,자리,
마무리,따라,지금,매립,의존,생활,폐기물,시설,전량,처리,매립,문제,해소,쓰레기,전기,에너지,전환,지역,산업체,가정,에너지,돼,자원,순환,사회,발돋움,전기,
후,변화,협정,따라,화석,연료,사용,
발표,따라,주택,부동산,시장,분양,성패,
산책로,따라,전체,자연,
무게,따라,마이크,위성,위성,피코,위성,나뉜다,궤도,
예상,따라,선대,대응,일환,이달,동절기,자동차,공회전,집중,단속,
시행,따라,이달,엔진,가동,상태,정화,장치,약품,
협의,따라,대기오염,대응,매뉴얼,
규정,따라,전기,수소,차,휘발유,가스,차,경유,차,등급,
증가,따라,몸,유전자,손상,
증가,따라,몸,유전자,손상,
증가,따라,몸,유전자,손상,
증가,따라,몸,유전자,손상,
증가,따라,몸,유전자,손상,
증가,따라,몸,유전자,손상,
과세,따라,장기,지역,경제,침체,우려,시멘트,업계,언론,보도,유감,뜻,
시멘트,생산,따라,지역,주민,피해,
병기,따라,방법,
대기오염,심화,따라,도시,공원,시민,생존,
기후,변화,대기오염,심화,따라,도시,공원,시민,생존,
규제,강화,따라,단계,규모,대기오염,방지,시설,
유해,대기오염,물질,규제,강화,정책,따라,단계,규모,대기오염,방지,시설,
규제,강화,따라,단계,규모,대기오염,방지,시설,
규제,강화,따라,단계,대기오염,방지,시설,
기대,따라,안정,고용,확대,
미,환경,보호,청,기준,따라,대기오염,상태,
말,따라,교육부,수능,시험,도중,마스크,
대기오염,따라,노후,주변,차단,숲,
계획,따라,관련,대책,
발표,따라,주택,부동산,시장,분양,성패,
산책로,따라,전체,자연,
농도,따라,파랑,초록,보통,노랑,빨강,단계,색깔,표시,구청,별관,옥상,대기,정소,실시간,정보,
대기오염,비상,저감,조치,따라,수도,위치,행정,공공,기관,소속,임직원,차량,부제,적용,
비상,저감,조치,발령,따라,오전,오후,수도,시,도,위치,행정,공공,기관,소속,임직원,차량,부제,
관련,조례,따라,민간,자동차,운행,제한,대기오염,물질,배출,시설,가동,시간,변경,가동,조정,대기오염,방지,시설,효율,개선,강화,조치,
산책로,따라,전체,자연,
기술,개발,촉진,
상태,따라,파랑,초록,보통,노랑,빨강,단계,색깔,표시,어린이,등,야외,수업,
심화,따라,녹색,공장,스마트,공장,행복,공장,발전,녹색,기업,추진,계획,
심화,따라,녹색,공장,스마트,공장,행복,공장,발전,녹색,기업,추진,계획,
계절,따라,농도,차이,발생,기상,영향,
발생,따라,농도,증가,
대기오염,특성,따라,권역,나눠,경보,
해당,부문,
흐름,따라,지역,대기,변화,상관,지역,대책,시행,강원,
실정,따라,국제,사회,국제,나라,사이,
개정,따라,사업,
서풍,따라,서쪽,동쪽,이동,주,
상태,따라,반중,정서,고개,
농도,따라,이상,단계,구분,환경,당국,스모그,이날,정점,
이용,횟수,따라,추가,포인트,
요청,따라,강연,동영상,서비스,
관련,법,따라,경고,조업,정지,고발,행정,처분,시,홈페이지,처분,사항,
법률,따라,이하,징역,이하,벌금,처분,
이번,자율,환경,협약,따라,상대,대기오염,발생량,발전사,유사,오염,물질,
조건,따라,자연,발생,공기,도시,유입,길,통로,
불편,따라,대중교통,수단,다양,주차,교통,혼잡,대기오염,다양,교통,문제,해소,
농도,따라,인체,영향,
형식,따라,차등,지원,미만,차량,최대,이상,배기량,배기량,이상,최대,지원,차량,월일,순서,지원,대상자,
환경,규제,따라,대기오염,처리,설비,시장,수요,가운데,유출,도면,기술,구현,기술,유출,
조,따라,회,검사,결과,
발생,따라,항만,선박,발생,대기오염,저감,
차종,연식,따라,차등,지원,사항,홈페이지,게시,공고문,
손상,정도,따라,동안,양,
대기오염,배출,따라,등급,분류,내용,
대기오염,물질,배출,량,따라,등급,등급,분류,내용,
차량,연식,차종,따라,차등,적용,보험,개발,원,발행,기준,액표,기준,가액,
특별법,따라,특별,구제,계정,정부,
대기오염,정도,따라,감산,규모,
마젠타,따라,트럭,화물차,정차,구역,곳,
결과,따라,추가,리콜,조치,
경우,관련,조례,따라,자동차,운행,제한,대기오염,물질,배출,시설,가동,시간,변경,가동률,조정,대기오염,방지,시설,효율,개선,비상,저감,조치,
법률,따라,형식,승인,예비,형식,승인,
천,따라,도시,
의결,따라,내년,시행,특별법,그동안,수도,공공,기관,행정,기관,
목적,따라,차별,서비스,
설정,따라,해당,지역,예보,결과,
대기오염,물질,배출,량,따라,등급,분류,자동차,배기가스,등급,산정,기준,
다량,배출,따라,지역,사회,건강,영향,우려,따라,대기오염,위해,여부,조사,
피해,구제,활동,지원,조례,따라,피해,발생,각종,활동,개선,요구,
대기오염,물질,배출,량,따라,등급,자동차,
대기오염,물질,배출,량,따라,등급,자동차,
대기오염,물질,배출,량,따라,등급,자동차,
전력,수급,기본,계획,따라,건설,확정,관계자,최근,대기오염,환경,사회,관심,세계,최고,수준,친환경,화력,발전소,
규모,따라,부과,세목,
이날,업무,협약,따라,관련,기관,예산,
발생,따라,기후,변화,대응,저탄소,녹색,생활,실천,
교통량,따라,
대두,따라,대기오염,제거,반응,소석회,매출,향후,고성장,
정책,요구,따라,저감,종합,대책,
환경,처리,비용,따라,오염,원인자,부담,원칙,근거,환경,보전,기여금,제도,
설명,따라,특위,이날,정부,제출,상반기,재정,개혁,권고,안,
부담,원칙,따라,발전,에너지,부담,조정,필요,유연탄,개,소세,
자원,순환,기본법,따라,폐기물,
군,설치,따라,정확,신속,경보,
시행,따라,석탄,화력,발전소,제철,석유,화학,시멘트,업종,사업,장,
고령,사회,진입,따라,노인,취업자,안정,고용,소득,보장,사후,관리,통합,제공,통합,노인,일자리,센터,설립,시범,사업비,건의,국립,노화,연구원,설립,조사,기본,계획,용역,사회,경제,조직,단체,중심,지역,순환,경제,핵심,거점,기능,
국,장관,회의,따라,맘,때,공개,예정,최근,거부,무산,장관,이날,환경,장관,회의,기자,회견,보고서,공개,계획,공동,합의,문,내용,
통합,대기,환경,지수,상황,따라,단계,경우,
관련,법령,따라,형사,고발,행정,처분,방침,위반,업소,홈페이지,명단,
정보,따라,실시,다수,공장,입주,시군,
농도,따라,이상,주의보,이상,경보,이상,중대,경보,구분,발령,주의보,발령,호흡기,환자,노약자,어린이,실외,활동,
단축,따라,취약,계층,가사,노동,환경,개선,조리,과정,발생,분진,건강,문제,해결,도움,기대,스토브,제작,현지,진행,현지,주민,일자리,창출,지역,경제,활성,도움,
보통,따라,사람,얼굴,표정,색상,
발생,빈도,따라,호흡기,건강,아이,건강,비상,중순,지역,어린이집,공동육아,방,
활동,보고서,결과,따라,우수,활동,교,
측정값,따라,배출,기준,준수,여부,
의뢰,따라,배출,기준,준수,여부,
해상,대기오염,배출,기준,강화,따라,친환경,연료,추진,선박,산업,육성,
해상,대기오염,배출,기준,강화,따라,친환경,연료,추진,선박,산업,육성,
대기오염,문제,따라,친환경,운송,수단,추진,선박,세계,증가,예상,따라,마련,국제,해역,선박,연료,황산화물,함유,기준,
협약,따라,시,설치,대기,정망,대기,정소,추후,설치,측정기,신호,
감찰,팀,요구,따라,지난해,시간,증기,
보통,따라,나눠,대기오염,위험,상관,관계,
보통,따라,환자,상태,
보통,따라,나눠,추이,
보통,따라,나눠,추이,
불신,따라,건강,
불신,따라,건강,
불신,따라,건강,
불신,따라,건강,
생활,패턴,따라,청소기,작동,엘리베이터,호출,
관련,법,따라,의무,실시,대기,분야,자,측정,
관련,결의,따라,관련,국,우려,국제,협력,포괄,해결,
공동,선언문,따라,분야,국,협력,진전,
공통,인식,따라,협력,
안보리,관련,결의,따라,관련,국,우려,국제,협력,포괄,해결,
공동,선언문,따라,분야,국,협력,진전,
공통,인식,따라,협력,
안보리,관련,결의,따라,관련,국,우려,국제,협력,포괄,해결,
공동,선언문,따라,분야,국,협력,진전,
공통,인식,따라,협력,
안보리,관련,결의,따라,관련,국,우려,국제,협력,포괄,해결,
환경,오염,따라,주민,건강,휴식,
운영,지침,따라,평,가단,
후,협정,따라,온실가스,배출,전망,
대기오염,물질,배출,량,따라,등급,분류,배출,가스,일명,친환경,차,
도시,따라,아이,공간,작아져,교육,현실,우려,아이,성장,교육,환경,개선,필요,학부모,의견,공감,대기오염,취약,어린이,
수사,결과,따라,건설,업체,법인,기소,경우,위법,사항,건설,업체,정보,
속도,따라,협력,진행,합의,사항,이행,추진,위,구성,맞춰,일,준비,
악화,따라,저감,종합,대책,
발생,따라,공기,질,사업장,인식,고취,시민,관심,
해당,매뉴얼,따라,세부,행동,요령,
발생,빈도,따라,건강,유의,외출,마스크,착용,외출,후,손,
기후,변화,따라,초미세,먼지,발생,일상,생활,시민,건강,영향,
기후,변화,따라,초미세,먼지,발생,일상,생활,시민,건강,영향,
편서풍,따라,
교통,수요,관리,필요,따라,자동차,운행,
대기오염,물질,배출,량,따라,등급,분류,관리,
등급,산정,규정,따라,대기오염,물질,배출,수소,차,하이브리드,차,휘발유,가스,차,경유,차,등급,
등급,산정,규정,따라,대기오염,물질,배출,수소,차,하이브리드,차,휘발유,가스,차,경유,차,등급,
기준,따라,등급,부여,차량,소유주,차량,등록,시점,배출,가스,관련,표지판,배출,허용,기준,
대기오염,물질,배출,량,따라,등급,분류,관리,
유종,따라,대기오염,물질,배출,수소,차,하이브리드,차,휘발유,가스,차,경유,차,등급,
비상,연락,체계,따라,어린이,어르신,취약,계층,이용,시설,대해,실내,공기,관리,공기,가동,물걸레,청소,야외,수업,자제,대응,행동,요령,
지속,따라,배,출원,관리,
근거,따라,생산,라인,정지,설명,사,당사,환경,국과,협조,
법률,따라,측정,능력,평가,
지속,따라,자체,보수,기간,악용,사례,굴뚝,자동,측정,기기,관리,실태,집중,점검,최신,기술,
심,각도,따라,발령,황사,예측,경우,호흡기,질환,심혈,관,질환,질환,사람,어린이,노인,야외,활동,
관리,종합,대책,따라,올해,동북,아청,출범,
도정,방침,따라,주의보,발령,긴급,재난,문자,
면적,따라,여름,길이,최대,차이,연구,결과,공개,국립,환경,학원,소재,지역,측정,기상,자료,
인프라,비율,따라,계절,길이,차이,
용도,따라,등급,
공급,따라,황산화물,질소,산화물,대기오염,물질,
전문가,의견,따라,이번,저압,세척기,
전문가,의견,따라,저압,세척기,
전문가,의견,따라,이번,저압,세척기,
관련,법,따라,행정,처분,향후,홈페이지,
통과,따라,교통안전,표지,노면,표시,공사,
대기오염,배출,량,따라,사업장,
점검,계획,따라,배출,업소,
최근,따라,비상,저감,조치,
자동차,따라,공해,현상,경제,발전,인도,실태,단,실례,대기오염,물질,농도,세계,도시,가운데,인도,도시,절반,
기간,따라,예보,
환경,선박,지수,따라,선박,입,출항료,
모양,따라,마스크,
우려,따라,시민,건강,보호,
규제,강화,따라,국가,대응책,마련,검토,이번,추,진단,노력,수소,에너지,활용,
예보,등급,따라,이상,
경보,상황,따라,소각장,가동,시간,
심화,따라,살수차,운행,
완료,따라,대기오염,정보,
심화,따라,살수차,운행,
수준,따라,초등,학교,하교,시간,
예상,따라,각종,예방,피해,최소,방안,
시행,따라,
강화,따라,지난해,경상,남,대기,측정치,
농도,따라,그룹,구분,자살,발생,위험,
환경,기준,따라,배,출원,관리,생활,속,저감,대책,
정부,방침,따라,대기오염,경보,
강화,따라,저감,대책,
이틀,연속,시행,따라,내일,수도,공공,기관,홀수,차량,해,차량,부제,실시,공공,기관,주차장,곳,
강화,따라,
건축법,따라,불법,건축물,부담금,처분,
규정,따라,해당,업체,영업,중단,
미비,따라,발생,벤조피렌,환방,향족,탄화수소,오염,물질,허용,기준,처리,법제,
예보,기준,따라,정보,국민,전달,협조,
심화,따라,실내,공기,도민,우려,건강,취약,어린이,어르신,장애,건강,보호,
측정,결과,따라,환경,기준,초과,시설,
심화,따라,실내,공기,도민,우려,건강,취약,어린이,어르신,장애,건강,보호,
심화,따라,실내,공기,도민,우려,건강,취약,어린이,어르신,장애,건강,보호,
측정,결과,따라,환경,기준,초과,시설,시작,숨,터,사업,초기,기업,참여,지난해,경로당,지역,아동,센터,장애,재활,시설,규모,민간,사회,복지,시설,
관리,조례,따라,수립,경상,남도,습지,보전,실천,계획,
혈관,따라,체내,침투,건강,영향,
가정,따라,차,안,공기,
조,따라,지난해,권역,평균,농도,
가속,따라,맞춤,복지,
증가,따라,재정난,
시간,따라,어린이,노약자,건강,취약,계층,
조례,따라,요령,홍보,방지,마스크,보급,사업,
조례,따라,요령,홍보,방지,마스크,보급,사업,
대기오염,따라,수요,관련,종목,수혜,예상,말,배터리,관련,부품,소재,기업,신흥,상아,후성,일진,리얼,즈,투자,
상태,따라,애니메이션,캐릭터,표정,색깔,글,
운영,결과,따라,점차,민간,어린이집,신호등,설치,
전력,수급,기본,계획,따라,앞,건설,기,석탄,발전소,봄철,미세,먼지,
관리,종합,대책,따라,
관리,종합,대책,따라,
수익자,부담,원칙,따라,주,지역,교통,체증,문제,대기오염,주변,상권,붕괴,대안,
대기오염,물질,확산,따라,실제,시민,체감,오염도,
농도,따라,그룹,나눠,자살,발생,위험,
과학,기술,기본법,따라,국무총리,민간,위원,공동,위원장,심의,기구,과학,기술,주요,정책,연구,개발,사업,조정,예산,운영,
협약,따라,해,동안,국영,공사,
농도,따라,그룹,나눠,자살,발생,위험,
시내버스,준공,영제,따라,시내버스,재정,지원,도시,철도,운영,적자,보전,운영,지원금,
접수,순서,따라,지원금,
지역,따라,벤젠,휘발,유기,화합,물질,
대기오염,따라,보일러,교체,사업,대기,환경,개선,상당,효과,기대,시민,적극,관심,참여,
지역,따라,벤젠,톨루엔,휘발,유기,화합,물질,
지역,따라,벤젠,톨루엔,휘발,유기,화합,물질,
외부,환경,따라,탓,유지,관리,어려움,예상,도시,녹화,문제,
연식,차종,따라,차등,지급,보험,개발,원,발행,기준,가액,표,기준,가액,
조,따라,제정,측정,
환경,개선,효과,따라,최대,차등,지원,올해,
요청,따라,소각장,열,
관련,규정,따라,수질,대기,폐기물,오수,분뇨,오염,물질,배출,업소,매체,등급,통합,지도,점검,계획,
간,점검,결과,따라,우수,일반,중점,업소,분류,점검,
유입,따라,대기오염,관리,중요,부각,따라,대기,배출,업소,철저,지도,점검,
시행,매뉴얼,따라,비상,저감,조치,
연식,따라,차량,기준,가액,
예산,초안,따라,대기오염,환경,개선,관련,예산,전년,증액,편성,당국자,자금,석탄,차량,배기가스,오염원,
차지,따라,고농,저감,대책,
차종,연식,따라,차등,지원,사항,홈페이지,공고문,
강화,따라,가스,연료,추진,선,차세대,친환경,선박,각광,전망,협회,장,추진,선,선박,연안,지역,대기오염,문제,
위협,따라,취역,계층,
환경,규제,따라,노후,
규제,따라,황,함유율,하인,선박,연료유,
일수,따라,저감,종합,대책,
프로젝트,따라,중소,영세,사업장,개선,사업,대기오염,악취,방지,시설,
프로젝트,따라,중소,영세,사업장,개선,사업,대기오염,악취,방지,시설,
프로젝트,따라,중소,영세,사업장,개선,사업,대기오염,악취,방지,시설,
프로젝트,따라,중소,영세,사업장,개선,사업,대기오염,악취,방지,시설,
네거티브,규제,발굴,가이드라인,따라,발굴,자동차,분류,체계,개선,과제,
프로젝트,따라,중소,영세,사업장,개선,사업,대기오염,악취,방지,시설,
프로젝트,따라,대기오염,악취,방지,시설,
섭리,따라,사라져,인류,희망,발생,
대기오염,방지,행동,계획,따라,저감,
정부,정책,따라,최근,동안,오염원,배출,철강,알루미늄,시멘트,공장,폐쇄,생산,중단,기업,공장,
대기오염,방지,행동,계획,따라,저감,
특별법,따라,대기오염,지역,집중,관리,필요,지역,
이번,차량,증차,따라,교통,혼잡,지역,도로변,오염,측정,
크기,따라,이하,먼지,
이번,차량,증차,따라,교통,혼잡,지역,도로변,오염,측정,
증가,따라,필터,기능,
적용,따라,유지,비용,소비자,눈길,
지휘,따라,시험,가동,
칸,톤,주권,따라,고도,자치,지역,당면,갈등,
분석,따라,특정,지역,자동차,
이상,따라,이용객,건강,안전,
예산,지원,자문,위원회,운영,따라,도지사,단위,생태,링,기본,계획,
조례,따라,단위,생태,링,기본,계획,
파장,따라,산란,흡수율,
관련,법,따라,신고,대상,시설,사용,중지,폐쇄,명령,
지적,따라,군,시내,권역,대기오염,자동,정망,확충,
연식,따라,지급액,
환경,법,따라,공장,대기오염,물질,폐수,
시행,따라,해당,선박,배기가스,세정,설비,
증가,따라,사망,연속,증가,
계획,따라,구도,구체,실행,계획,
정비,촉진,계획,결정,따라,협의,청사,
기록,따라,이용객,건강,안전,
위반,유형,따라,사용,중지,경고,행정,처분,과태료,
요구,따라,이외,대체,에너지원,
절차,따라,법,행정,처분,
연식,따라,차이,평균,정도,금액,
오염,배출,양,따라,세금,
오염,배출,양,따라,세금,
병기,따라,방법,
조,따라,실시,공기업,경영,평가,상수,가,등급,하수,등급,평가,
난방,대란,따라,환경부,도시,대해,일부,도시,경우,석탄,난방,
천연가스,따라,일부,지역,연료,부족,사태,정부,석탄,난방,금지,조치,상당,성과,
겨울철,기온,따라,일부,선박,드럼통,
해양,환경,관리법,따라,행위,선박,소유자,이하,징역,이하,벌금,이하,과태료,처분,
연결,도로,건설,공사,따라,거리,장대,삼거리,교차로,방식,
이익,따라,주먹구구식,공사,
비판,따라,굴뚝,설치,대기오염,수준,
말,따라,지역,사회,건강,통계,
협약,따라,기준,발생,대기오염,물질,
감축,협약,따라,환경,개선,비용,대기오염,물질,
석탄,화력,발전소,대기,배출,허용,기준,강화,조례,따라,
수거,상태,따라,등급,나눠,등급,키,당,등급,보상금,
이번,양해,각서,체결,따라,양국,수도,교통,체증,대기오염,
대기,환경,보전,법,따라,이하,징역,이하,벌금형,처분,
불안,따라,보건소,달,관내,초등,학교,학년,
불안,따라,보건소,달,관내,초등,학교,학년,
불안,따라,달,지역,초등,학교,학년,
감축,정책,따라,호남,화력,발전소,가동,그동안,대기오염,물질,배출,화력,발전소,가동,예정,대책,마련,
언급,따라,가시,성과,
친환경,에너지,전환,따라,전기,요금,추가,발생,인상,현재,미만,범위,수용,입장,
동향,따라,기준,
동향,따라,기준,
동향,따라,기준,
높이,따라,농도,측정,
기준,따라,부과,방식,지방,정부,기업,결탁,경우,허점,비판,
오염,물질,배출,량,따라,부과,세금,과세,체계,
기후,조건,따라,상,평상시,고농,도시,분석,국외,영향,
규정,따라,선박,선택,촉매,환원,장치,
증가,따라,아이,교육,매체,인형극,
연식,차종,따라,차등,적용,보험,개발,원,발행,기준,액표,기준,가액,
후,협약,따라,대비,국내,단위,탄소,배출,
개정안,따라,국제,협력,대상,대기오염,
수익자,부담,원칙,따라,지역,자원,시설,세,
초과,따라,공장,
적용,따라,건축물,설계,시,적극,반영,
경우,에너지,효율,등급,따라,용적,완화,세금,감면,혜택,
겨울,스모그,퇴치,전략,발표,따라,대기오염,배출,감시,강화,스모그,농도,빈도,공장,가동,조정,지수,상승,
협약,따라,기관,규제,관련,공동,연구,정부,대기오염,물질,종합,관리,시스템,구축,선박,대기오염,물질,저감,기술,개발,선박,실측,시스템,구축,분야,협력,
실시간,상태,따라,공기,
지름,따라,마이크로미터,먼지,
도시,따라,미래,안정,수익,확보,예상,미사,강변,도시,지역,열,병합,발전,첨단,에너지,계획,도시,
보유,따라,안정,전력,지역난방,여름철,냉방,비용,효율,에너지,
지목,따라,발족,국제,밤하늘,보호,협회,밤하늘,환경,보호,
운영,계획,따라,기존,도시,대기,정망,성거,신방,목천,
지적,따라,지난달,지자체,항만,공사,업계,연구,기관,항만,저감,대책,마련,
지적,따라,지난달,지자체,항만,공사,업계,연구,기관,항만,저감,대책,마련,
지적,따라,지난달,지자체,항만,공사,업계,연구,기관,항만,저감,대책,마련,
관리,특별,대책,따라,조세,재정,연구원,국책,기관,연구,용역,
중립,과세,따라,휘발유,경유,가격,
연식,따라,환경,오염,물질,배,출도,차이,점,종합,과세,체계,
관리,특별,대책,따라,조세,재정,연구원,국책,기관,연구,용역,
중립,과세,따라,휘발유,경유,가격,
관리,특별,대책,따라,관련,연구,용역,
관리,특별,대책,따라,관련,연구,용역,
운행,조건,따라,저감,효과,문제,주행,거리,공회전,저속,운행,소형,화물차,도심,운행,택배,차량,
시대,따라,세기,건강,
적극,노력,따라,대기오염,규제,지역,지정,
용역,결과,따라,경,인상,
산업,혁명,시대,진입,따라,공간,정보,빅,데이터,기술,
조기,마감,따라,시민,혜택,
대기오염,정책,따라,앞,스모그,
기간,차량,번호,따라,홀짝,운행,
각종,재난,상황,따라,국민,행동,요령,
양,따라,마스크,각종,보호,장구,
경우,대기,배출,기준,따라,신규,발전기,증설,대기오염,배출,량,
경우,대기,배출,기준,따라,신규,발전기,증설,대기오염,배출,량,
경우,대기,배출,기준,따라,신규,발전기,증설,대기오염,배출,량,
악취,따라,악취,방지,시설,
악취,따라,악취,방지,시설,
악취,따라,악취,방지,시설,
대기오염,정도,따라,증상,악화,정도,점,확인,오존,농도,날,아이,외출,
대기오염,정도,따라,증상,악화,정도,점,확인,요즘,오존,농도,날,아이,외출,
개정,따라,내후년,세금,
환경,규제,강화,따라,청정,연료,
지역,따라,농도,
지적,따라,경유,가격,가격,방안,
지역,따라,정소,설치,지역,미세,먼지,
이번,협약,따라,스마트,공기,측정,관리,
정망,설치,확대,따라,오존,경보,시행,
후,협정,따라,온실가스,
도입,따라,자동차,인해,발생,일산,탄소,대기오염,감소,효과,온실가스,배출,
정망,설치,확대,따라,오존,경보,시행,
정망,설치,확대,따라,오존,경보,시행,
정망,설치,확대,따라,오존,경보,시행,
전기,차,보급,확산,따라,연내,기,이상,충전기,
공영,홈,쇼핑,따라,차이,판매,수수료,소비자,
전파,시스템,구축,따라,옥천,지역,거주민,대기,환경,정보,수집,능력,향상,건강,
증가,따라,패션,화장품,라이프,스타일,제품,전반,걸쳐,소재,소비자,관심,소재,
증가,따라,패션,화장품,라이프,스타일,제품,전반,걸쳐,소재,소비자,관심,소재,
여부,따라,미래,결정,해도,과언,이번,학술,대회,
불안감,따라,시민,대기,개선,모니터링,계획,
원인,따라,시,가능,정책,수단,
지적,따라,기존,발전소,환경,설비,
지적,따라,기존,발전소,환경,설비,
조례,안,따라,황산화물,경우,앞,질소,산화물,먼지,이내,강화,화력,발전소,기술력,경제,제반,요건,
통과,따라,자유,소속,의원,오전,시청,브리핑,룸,기자,회견,
관련,법령,따라,공청회,
정도,따라,주의보,경보,발령,때,대응,체제,
우림,따라,온난,영향,
대기오염,우려,따라,지구대,옥상,측정기,
발생,빈도,따라,중금속,오염,물질,영향,우려,이번,연찬회,
치료법,따라,악화,요인,
요청,따라,주민,인근,탄현,장단,협의회,
요청,따라,주민,의견,
초미세,먼지,지수,따라,단계,조명,색깔,
연식,따라,지원금,
수익,자부담,원칙,따라,지역,자원,시설,세,
규제,따라,세계,바다,선박,연료,기존,유,대기오염,물질,
종류,연식,따라,스티커,
배출,가스,량,따라,차량,운행,
급증,따라,다각,환경,정책,
급증,따라,다각,환경,정책,
증가,따라,아토피,환,아의,부담,
연식,따라,보험,개발,원,산정,차량,기준,가액,
예상,따라,추진,선박,건조,산업,
지구,온난,따라,발생,폭염,폭우,폭설,가뭄,홍수,태풍,고통,계속,물,대기오염,세계,도처,사람,삶,
지역,따라,순간,잎,
대기오염,따라,대기,환경,관리,기준,
노출,농도,따라,공업,지역,관리,지역,지역,
제출,따라,연탄,제조,보조금,
대기오염,물질,노출,정도,따라,지역,기준,
지역,따라,순간,잎,
차종,연식,따라,차등,지원,기타,사항,시,홈페이지,공고문,
지역,따라,순간,잎,
관심,따라,지난해,예산,
주의보,발령,따라,시민,등산,축구,실외,활동,자동차,운행,
지역,따라,순간,잎,
관심,따라,군위군,군위,유치,희망,지역,인근,의성,연대,단독,공항,유치,
지원,따라,기초,보장,제도,기존,기준,중위,소득,이하,이하,선정,기준,
지원,따라,기초,보장,제도,기존,기준,중위,소득,이하,이하,선정,기준,
만료,따라,연장,여부,
향상,따라,환경,피해,종류,양태,다양,앞,위원회,환경,고도,전문,축적,경험,
대기,환경,보전,법,따라,배출,연기,인체,지장,관리,공청회,참여,주민,수,내용,
경제,상황,악화,따라,환경,문제,인식,
지원,따라,기초,보장,제도,기존,기준,중위,소득,이하,이하,선정,기준,
지원,따라,기초,보장,제도,기존,기준,중위,소득,이하,이하,선정,기준,
올해,건설,기술,진흥,법,따라,실시,김해경,전철,건설,공사,사후,평가,용역,주관,국토,결과,
지원,따라,기초,보장,제도,기존,기준,중위,소득,이하,이하,선정,기준,
파리,협정,따라,정부,확정,국가,온실가스,감축,기본,나라,온실가스,
강변,관리,기본,계획,따라,발전소,인근,절,공원,
호응,따라,최근,콘테스트,
조례,안,따라,지역,저공,해,조치,의무,대상,자동차,배출,가스,저감,장치,
자리,따라,주민,참여,주민,자치,위원,민주,공정,선정,제안,취지,
스모그,농도,따라,가동,시간,줄어든다,지난해,이후,올해,처음,적색경보,
발령,따라,도시,유치원,학교,휴교,돌입,일반,기업,탄력,근무,
타이밍,따라,수익,좌우,측면,인증,
가정,따라,식물,병원,각종,식물,관리,요령,
보강,기준,따라,시,도,소방,안전,교부세,헬기,입비,
아버지,따라,당시,날씨,
기술,발달,따라,대기오염,방식,시대,오염,방지,방안,
개선,안,따라,대기오염,
결과,따라,마을,인근,아스,콘,공장,배출,대기오염,물질,배출,감소,
내년,예산,확정,따라,
철강,경기,부진,따라,전년,대비,감소,이후,감소세,
철강,경기,부진,따라,전년,대비,감소,이후,감소세,
상황,따라,감축,
요구,따라,발전기,
목소리,도와,따라,시민,우려,각종,환경,문제,해결책,
자동차,시장,따라,과거,화석,연료,고갈,
연식,따라,지급액,
걱정,따라,공용,사용,수유실,공기,
양산,따라,한시,일자리,확대,지원,최소한,생계,유지,지원,
전략,따라,발전,
종류,따라,한방,과립제,연고,향기,유산균,
민원,발생,따라,사업비,
민원,발생,따라,사업비,
지적,따라,지난해,옥천군,의회,추가,경정,예산안,심의,친환경,농업,기반,구축,사업비,승인,여부,
지적,따라,지난해,옥천군,의회,추가,경정,예산안,심의,친환경,농업,기반,구축,사업비,승인,여부,
배출,량,따라,등급,구분,등급,배출,오염,물질,양,
누적,량,따라,기형아,출산,암,다양,질환,
과정,따라,필요,재료,장치,
개인,따라,차이,알레르겐,원인,알레르기,물질,먼지,진드기,꽃가루,애완,동물,털,곰팡이,바람,가스,냄새,황사,대기오염,담배,노출,과,스트레스,감기,악화,
위협,따라,겨울철,안전,관리,집중,전략,상황,관리,체계,구축,재난,취약,시설,사전,점검,한파,대비,종합,상황실,운영,신속,제설,대책,추진,재난,예방,홍보,강화,
제기,따라,질변,관리,본부,중앙,암,역학,조사,반,역학,조사,필요,결론,따라,대학교,교수,역학,조사,
경제,급전,따라,발전,
경제,급전,따라,발전,
지정,고시,따라,앞,관리,대책,시행,계획,수립,
필요,따라,비강,스테로이드,스프레이,
시행,따라,지역,농도,
경유,차,뒤,따라,때,창문,
지적,따라,경유,삭제,방향,가닥,
도시,환경,변화,따라,대기,평가,분석,필요,혁신,도시,대기오염,자동,정소,
지적,따라,경유,삭제,방향,가닥,
체결,따라,카,썸,컨소시엄,앞,시스템,개발,운영,차량,제공,회원,모집,
이번,협약,따라,카,썸,컨소시엄,시스템,개발,운영,차량,제공,회원,모집,
환경,보건,법,따라,석유,화학,주변,지역,환경부,현장,조사,당위,
대기오염,악화,따라,오염,물질,배출,량,연료,주목,환경부,측정,결과,배출,량,경유,차,휘발유,차,수준,개정안,수급,상황,
대기오염,악화,따라,오염,물질,배출,량,연료,주목,사용,제한,철폐,필요,대두,환경부,측정,결과,배출,량,경유,차,휘발유,차,국산,차,평균,온실가스,배출,량,개정안,수급,상황,
대기오염,악화,따라,오염,물질,배출,량,연료,주목,환경부,측정,결과,배출,량,경유,차,휘발유,차,수준,개정안,수급,상황,
시,따라,보고서,
기준,따라,유해,물질,배출,방지,시설,
차량,운행,조건,따라,모드,작동,소프트웨어,탑재,사실,
제출,따라,앞,국립,환경,학원,교통,연구소,차량,리콜,적정,여부,
회신,따라,환경부,자사,차량,임의,설정,
회신,따라,환경부,
소득,수준,따라,달라져서,국가,부자,나라,공기,반면,동부,오염,조사,대기오염,주원인,효율,교통수단,가정,연료,폐기물,소각,화력,발전,산업,활동,사막,지역,모래,폭풍,공기,질,영향,
국감,보이콧,따라,야당,단독,이날,국감,야당,의원,최근,핵,미사일,도발,국면,통일부,제재,위주,대북,정책,
환경,관리,따라,주변,하천,
환경,관리,따라,주변,하천,
정도,따라,산소,치료,처방전,
증가,따라,천식,입원,환자,사망,위험,증가,이산화,일산,탄소,증가,천식,환자,사망,발생,위험,
설명,따라,영세,공장,노후,대기오염,방지,시설,개선,
농도,따라,능동,반응,조형물,
대기,환경,보전,법,따라,대기,배출,시설,설치,허가,
초과,배출,따라,페인트,분진,탄화수소,휘발,유기,화합,물질,배출,대기,악취,발생,오존,농도,
편입,따라,운행,차,공해,사업,추진,동안,대기오염,주범,자동차,배출,가스,
선정,따라,교수,능동,반응,발광,다이오드,조형물,전광판,
농도,따라,반응,조형물,
수소,차,따라,평가,교수,전기,차,수소,차,
도입,계획,따라,사업,완료,시점,노면,청소,차량,전기,자동차,천연가스,자동차,전기,이륜차,버너,
이번,계획,따라,대기,배출,시설,중점,관리,업소,대기오염,물질,다량,배출,사업,장,관리,
산업,발달,따라,
정책,따라,운영,특별,관,환경,산업,협회,광동,환경,보호,산업,협회,환경,산업,교류,협력,후속,조치,구성,전시회,환경,산업,일자리,박람회,진행,기업체,취업,희망자,일자리,취업,컨설팅,환경부,산하,공공,기관,용설,명회,
가열,따라,발생,굴절,변화,
증가,따라,국,도비,
계곡,옆,따라,직진,도봉,방향,화개,우측,계곡,
사용,따라,말,그래도,정품,부품,레이저,제품,번호,국제,인증,번호,겉,업자,주장,진품,제품,제조사,고유,포장,베껴,진품,부품,공정,
발표,따라,친환경,종합,기업,기술력,노하우,각광,
발생,따라,원활,조정,해결,
추가,따라,야간,조명,농작물,피해,최초,인정,사례,
성과,따라,도토리,모양,열매,
용도,따라,주문,따라,생산,응급,모델,레저,시간,음료,
노출,따라,영향,
임무,따라,차례,등록,
대기,환경,보전,법,따라,경기,이하,경기,연천군,이하,황이,함유,정품,유황,연료,
증가,따라,수도,
대기,환경,보전,법,따라,연천군,이하,황이,함유,정품,유황,연료,
환경,오염,정도,따라,차량,주차,요금,
교통,혼잡도,따라,운행,
의미,따라,중공업,발전소,발생,
시도,관련,법,따라,인접,지자체,논의,갈등,
지목,따라,지금,차량,규제,
통과,따라,함평군,위치,빛,자동차,조성,박차,
활용,따라,신입,장학,혜택,수능,우수,영역,평균,이내,리더,전형,장학금,수시,수능,장학,성적,기준,도달,학생,미래,자동차,우수,장학금,수여,생활비,보조,
옷,연령,따라,비타민,합성,천차,별도,보충,
기후,변화,따라,한국인,질병,발생,취약점,
인증,취소,이후,관련,법,규정,따라,해명,
의결,따라,대기오염,경보,단계,대기오염,물질,농도,기준,대기오염,경보,조치,사항,개정,밖,역세,규제,
수익자,부담,원칙,따라,전기료,인상,
협약,따라,기관,남부,발전,건설,세계,최대,규모,유동층,발전소,
특별법,따라,대기오염,총량,
관리,특별,대책,따라,대기오염,물질,배출,사업장,저감,대책,
관심,따라,친환경,전기,차,관심,
모델,따라,혼잡,비용,대기오염,교통사고,손실액,
보급,따라,농어촌,
이번,협약,따라,기관,연구,자료,
전력,수요,따라,연료비,단가,원자력,발전,가동,이후,석탄,화력,발전,마지막,발전,
관심,따라,친환경,중점,
온실가스,배출,량,평균치,따라,과징금,
과열,양상,따라,다음,달,주택,도시,보증,공사,중도금,대출,보증,건수,
화력,발전소,모습,따라,통영,
위협,따라,대기오염,측정,방지,관리,
철강재,공급,부족,전망,따라,철광석,가격,톤,선,회복,설명,세계,원예,박람회,개최,
평균,연비,따라,형,하이브리드,투입,
중,정상,회담,합의,따라,삽,
협약,따라,충전,시설,설치,부지,확보,구축,충전,시설,이용,활성,적극,협력,충전,관내,충전,시설,
발표,따라,사업,추진,급물살,
심,각도,따라,평상시,노후,경유,차,수도,운행,제한,
정부,지원,확대,따라,목표치,
특별법,따라,공장,
대기오염,심,각도,따라,차량,부제,
대기오염,심,각도,따라,평상시,노후,경유,차,수도,운행,
정부,따라,양,
오염,물질,배출,량,따라,과징금,
원칙,따라,주장,단체,시민,피해,
대기,환경,보전,법,따라,대기오염,물질,
목적,따라,밝기,
곳곳,따라,세계,모여,온난,방지,
후,변화,협약,따라,세계,각국,온실가스,감축,
후,변화,협약,따라,세계,각국,온실가스,감축,
후,변화,협약,따라,세계,각국,온실가스,감축,
후,변화,협약,따라,세계,각국,온실가스,감축,
후,변화,협약,따라,세계,각국,온실가스,감축,
후,변화,협약,따라,세계,각국,온실가스,감축,
후,변화,협약,따라,세계,각국,온실가스,감축,
후,변화,협약,따라,세계,각국,온실가스,감축,
후,변화,협약,따라,세계,각국,온실가스,감축,
면,따라,공사장,외부,
위반,정도,따라,사업장,폐쇄,사용,중지,명령,
수입,차,시장,부분,개방,따라,수입,판매,시작,시장,이후,사상,최고,
자동차,관리법,따라,신차,등록,후,이후,의무,검사,
대기,환경,보전,법,따라,관련,시도,조례,제정,특별법,탓,개정안,심사,자체,이뤄지지,환경,정책,관계자,경상,남,운행,차,배출,가스,정밀,검사,조례,일부,개정,조례,안,
원인,따라,
특별법,따라,수도,대기,환경,관리,기본,계획,
바람,따라,이동,관리,대책,수도,관리,대책,
입항,따라,선구,역할,
발령,따라,승용차,운행,
가능,따라,자동차,검사,때,기준,
법령,따라,개선,명령,
필요,따라,매연,저감,장치,
옷,나이,따라,체내,합성,영향,
국가,전력,수급,계획,따라,석탄,화력,비중,
기류,따라,유동,지역,따라,고농도,지속,말,농도,남부,지방,일부,농도,이날,오전,
소요,따라,국비,확보,따라,산림,자원,연구소,해풍,꾸지뽕나무,
시,조례,따라,단속,대상,제외,하절기,초과,동절기,미만,냉,난방,
급증,따라,공기,
시행,따라,지역,농도,
편입,따라,운행,차,공해,사업,그동안,대기오염,주범,자동차,배출,가스,
증가,따라,인식,
증가,따라,인식,
증가,따라,인식,
판단,따라,영농,폐기물,집중,수거,기간,
판단,따라,영농,폐기물,집중,수거,기간,
정도,따라,국소,스테로이드제,필요,경우,증상,지속,반복,경우,면역계,알레르기,반응,자체,
예상,따라,주변,지역,대해,대기오염,실태,
예상,따라,주변,지역,
예상,따라,주변,지역,대해,대기오염,실태,조사,
판단,따라,내달,영농,폐기물,집중,수거,기간,
인기,따라,궁중,비책,운영,최대,인터넷,쇼핑몰,티몰,한방,베이비,섬유,세제,유연제,한방,베이비,세탁비누,천연,항균,효능,한방,성분,함유,첨가,안심,유아,섬유,세제,제품군,
인기,따라,궁중,비책,운영,최대,인터넷,쇼핑몰,티몰,한방,베이비,섬유,세제,유연제,한방,베이비,세탁비누,천연,항균,효능,한방,성분,함유,첨가,안심,유아,섬유,세제,제품군,
인기,따라,궁중,비책,운영,최대,인터넷,쇼핑몰,티몰,한방,베이비,섬유,세제,유연제,한방,베이비,세탁비누,
대기오염,악화,따라,오염,물질,실내,유입,
상황,따라,운영,
전력,절감,발령,따라,사용,전력,
순서,따라,리콜,대상,차량,
순서,따라,리콜,대상,차량,
순서,따라,리콜,대상,차량,
순서,따라,리콜,대상,차량,소프트웨어,개선,전후,대기오염,배출,량,연비,변화,
순서,따라,리콜,대상,차량,
순서,따라,리콜,대상,차량,소프트웨어,개선,전후,대기오염,배출,량,연비,변화,
순서,따라,리콜,대상,차량,
수치,따라,우수,양호,오염,중간,오염,오염,이상,오염,단계,대기오염,상태,
수치,따라,우수,양호,오염,중간,오염,오염,이상,嚴重,오염,단계,대기오염,상태,
회견,무산,따라,일정,
조례,따라,차량,소유주,과태료,
수시,따라,업데이트,원시,자료,
시군,따라,유류,
충전,주행,거리,따라,최소,최대,보조금,
대응,전략,따라,도태,기업,반면,위기,
매뉴얼,따라,대응,시민,불편,피해,
조례,따라,과태료,
요인,따라,주가,경향,실적,개선,추세,황사,철인,봄,
생각,따라,마음,아기,길,
제정,따라,사회단체,대기오염,
청구,따라,승인,절차,
판단,따라,배제,홍동,환경부,교통,환경,과장,처음,대표,
청구,따라,승인,절차,
청구,따라,승인,절차,
지적,따라,정부,전기,차,관련,정책,
일정,따라,보조금,규모,단계,축소,국내,관련,기업,타격,
방식,따라,과징금,
환경부,요청,따라,추가,부분,
리콜,명령,따라,제출,기한,종료,일,이달,결함,시정,계획서,
감경,요소,따라,과징,금액,
농도,따라,주의보,경보,나눠,발령,경보,
대책,따라,관련,부처,시행,계획,
털,계절,따라,꽃가루,호흡기,질환,
기류,따라,유입,국외,대기오염,물질,양,증가,설명,케이,예,보관,밖,전국,오전,보통,오후,한때,단계,실외,초미세,먼지,농도,예상,실내,환기,전국,새벽,아침,시간,조언,케이,다음,달,오전,전국,초미세,먼지,농도,한때,단계,
증가,따라,정기,검진,
증가,따라,정기,검진,
보편,따라,긍정,결과,
확정,따라,관련,부처,시행,계획,
수준,따라,당국,도심,교통,
정상,수준,따라,수도,이틀,휴교령,
공기,오염,응급,조치,안,따라,차량,홀짝,
수치,따라,우수,양호,오염,중간,오염,오염,이상,嚴重,오염,단계,대기오염,상태,
수치,따라,우수,양호,오염,중간,오염,오염,이상,오염,단계,대기오염,상태,
수치,따라,우수,양호,오염,중간,오염,오염,이상,嚴重,오염,단계,대기오염,상태,
수치,따라,우수,양호,오염,중간,오염,오염,이상,嚴重,오염,단계,대기오염,상태,
수치,따라,우수,양호,오염,중간,오염,오염,이상,嚴重,오염,단계,대기오염,상태,
수치,따라,우수,양호,오염,중간,오염,오염,이상,嚴重,오염,단계,대기오염,상태,
수치,따라,우수,양호,오염,중간,오염,오염,이상,嚴重,오염,단계,대기오염,상태,
지수,따라,우수,양호,오염,중간,오염,오염,이상,오염,단계,대기오염,정도,
구분,따라,황색,주황색,적색,순,경보,
중,정상,회담,합의,따라,나라,대기오염,방지,기술,
한중,정상,회담,합의,따라,양국,저감,환경,산업,공동,발전,
필요,따라,전압,
구분,따라,황색,오렌지색,적색,순,경보,
교환,가액,조정,따라,
지역,따라,오염,단계,
적색경보,발령,따라,유치원,초,중,고교,
지시,따라,관용,차량,운행,
지시,따라,관용,차량,운행,
지속,따라,한화,투자,의견,매수,목,표주,유지,견조,실적,과도,주가,하락,금융,투자,분기,실적,호조세,매출,영업,이익,
전망,따라,지역,차량,홀짝,운행,실시,유치원,고등학교,휴교,
발령,따라,유치원,초,중등학교,야외,활동,전면,중단,대기오염,물질,
발령,따라,유치원,초,중등학교,야외,활동,전면,중단,대기오염,물질,
추세,따라,대기오염,동반,증가,예상,
집,따라,이산화,탄소,발생,도시,단의,
까지,따라,올해,처음,발령,순위,주황색,경보,
지역,따라,시간,
물질,함유,정도,따라,비닐,프라,스틱,농약,용기,봉지,농약,용기,
지름,따라,이하,초미세,먼지,이하,먼지,단위,
물질,함유,정도,따라,비닐,프라,스틱,농약,용기,봉지,농약,용기,
악화,따라,지역,주민,건강,보건,문제,
기후,변화,협약,따라,상당,수준,온실가스,저감,의무,
에너지,확대,정책,따라,기존,화석,연료,바이오매스,친환경,연료,사용,이번,수주,
에너지,확대,정책,따라,기존,화석,연료,바이오매스,친환경,연료,사용,이번,수주,
시,선택,따라,연료비,
사업,진행,따라,구체,내용,
사업,진행,따라,구체,내용,
여객,자동차,유가,보조금,지침,따라,유로,배출,가스,기준,부합,경유,승용차,택시,해,버스,화물차,수준,유가,보조금,
대목,따라,정부,자원,순환,의무,비율,
성,정부,따라,공기,오염,최고,경보,
성,정부,따라,공기,오염,최고,경보,
북상,따라,친환경,유기,농업,
사용,따라,이동,
교환,주기,따라,교체,초미세,먼지,필터,탈취,필터,필터,구분,전자,책임,연구원,먼지,머리카락,
노력,따라,수질,외해,수준,악취,민원,연간,이상,미만,개선,쾌거,
원칙,따라,학생,교류,
대회,따라,스포츠,협력,경험,공유,
선린,우호,정신,따라,국,협력,
길,따라,
산업,따라,대기오염,문제,입장,이번,합의,자국,대기오염,물질,배출,량,오염,추이,정보,
평화,발전,교류,따라,
안내,따라,이벤트,단풍,
선린,우호,정신,따라,국,협력,
길,따라,
애초,소프트웨어,산업,진흥,법,따라,기업,참여,
위험,정도,따라,등급,
진로,따라,기계,전기,엔지니어링,분야,설계,토목,분야,지식,조언,기자,한경,슈퍼,개미,한경,구독,신청,성공,
제정,따라,환경부,형식,승인,
대기오염,수준,따라,자체,판단,실시,정책,법규,
대기오염,수준,따라,자체,판단,실시,정책,법규,
대기오염,수준,따라,자체,판단,실시,정책,법규,
혈액,따라,혈액,점도,혈관,자체,
환경,실태,조사,결과,따라,필요,경우,해당,항만,시설,환경,개선,정비,대책,
해양,환경,관리법,따라,항만,지역,수질,상태,대해서,정기,조사,국민,생활,밀접,소음,대기오염,물질,조사,해수부,항만법,시행령,관련,조사,
크기,따라,구분,지름,마이크,이하,
크기,따라,구분,지름,마이크,이하,
우려,따라,오전,대기오염,상태,
대기,환경,보전,법,따라,이하,징역,이하,벌금형,처분,
우려,따라,오전,대기오염,상태,
우려,따라,오전,대기오염,상태,
우려,따라,반경,주민,대피,
우려,따라,경찰,소방,당국,자정,인근,주민,반경,대피,
방향,따라,변화,조사,
우려,따라,경찰,소방,당국,자정,인근,주민,반경,대피,
방향,따라,변화,조사,
우려,따라,경찰,소방,당국,자정,인근,주민,반경,대피,
방향,따라,변화,조사,
방향,따라,결과,변화,조사,
방향,따라,결과,변화,조사,
우려,따라,반경,주민,대피,
우려,따라,반경,주민,대피,
우려,따라,반경,주민,대피,
우려,따라,반경,주민,대피,
우려,따라,반경,주민,대피,
우려,따라,반경,주민,대피,
우려,따라,반경,주민,대피,
우려,따라,반경,주민,대피,
우려,따라,반경,주민,대피,
우려,따라,반경,주민,대피,
우려,따라,반경,주민,대피,
우려,따라,반경,주민,대피,
양산,적용,따라,질소,산화물,배출,량,
시정,권고,따라,배출,가스,
개인,따라,소요,약물,치료,
규정,따라,적정,처리,농지,무단,적치,이뤄지고,시,당국,지도,단속,손길,최근,본보,확인,결과,예천,아파트,건축,현장,대형,레미콘,차량,운행,인해,비산,먼지,발생,기본,살수,시설,가동,도로,발생,흙먼지,인해,주변,대기오염,
관련,법,따라,조치,향후,현장,폐기물,
우려,따라,대전,주변,대기,
대두,따라,보건,환경,연구원,협조,
동로,따라,가로,배치,상가,도입,필수,의견,
대두,따라,보건,환경,연구원,협조,
장소,따라,하루,주차,무료,카드,
장소,따라,하루,무료,주차,정부,부여,
조기,달성,따라,지금,정책,지원,
지자체,요구,따라,전용차,부과,가능,협력체,베,안드레,기후,환경부,선임,자,문관,
대두,따라,보건,환경,연구원,협조,
슬로건,따라,이날,하루,공무원,승용차,
한계,따라,합리,수준,자동차,사용,제한,규제,
대기오염,지수,따라,휴교령,
희망,따라,수차례,실무,협의,
우려,따라,오염,물질,실내,유입,
우려,따라,오염,물질,실내,유입,차단,정화,기능,공기,청정,시스템,
교통,흐름,따라,효율,변경,차선,예방,문명,시대,도약,필요,위기관리,프레임,구축,환경,전,세계,환경,재해,녹조,
계획,따라,에너지,절약,신재,에너지,확대,
정상,회담,합의,따라,철강,분야,대해,대기오염,방지,기술,
계획,따라,에너지,절약,신재,에너지,확대,
정상,회담,합의,따라,철강,분야,대해,대기오염,방지,기술,
환경,따라,생산,시설,강화,대기,환경,배출,기준,
여객,자동차,유가,보조금,지침,따라,유로,배출,가스,기준,
자외선,지수,따라,모자,챙,면적,플렉시블,모자,사람,따라,가방,부착,발광,조절,팩,아이디어,가미,제품,
전망,따라,오염,물질,남쪽,유입,가능,태풍,고니,북상,오염,물질,접근,
충족,여부,따라,국내,디젤차,운명,국내,완성,차,업계,발,대응,자동차,시장,상당수,자동차,유로,기준,엔진,
기상,상황,따라,전력,공급,안정,에너지,저장,장치,전력,
오염,원인자,부담,원칙,따라,행,재정,규제,
가로수,상황,따라,치료,계획,지난해,치료,가로수,생육,상태,
법률,따라,측정,분석,기관,신뢰,제고,
국산,따라,규모,국내,시장,국산,제품,외산,경쟁,발판,
발전함,따라,과학,기술,
시행,규칙,따라,설치,여부,
발전함,따라,과학,기술,
금액,따라,스모그,프리,반지,커프스단추,제품,
시행,따라,코리아,버너,
시행,따라,코리아,버너,
업체,따라,정치,로비,
요구,따라,시,대기,배출,시설,현지,점검,기준치,
그래픽,따라,정부,오토바이,대기오염,
그래픽,따라,정부,오토바이,대기오염,
조례,따라,과태료,
특별법,따라,대기,환경,시책,
특별법,따라,대기,환경,시책,
통합,관리,필요,따라,동남,대기,환경,시책,
투자,양해,각서,따라,효성,일원,산업,용지,
투자,양해,각서,따라,효성,일원,산업,용지,
시행,따라,시,친환경,기동반,산하,자치구,배출,가스,단속,반,시내,중점,공회전,장소,터미널,차고,주차장,박물관,학교,환경,위생,정화,구역,공회전,차량,
감사원,따라,국토,장관,대기오염,폐수,물질,배출,정도,유해,여부,일정,수준,이하,해당,화학제품,제조,시설,경우,계획,관리,지역,건축,관련,규정,
최소,따라,시장,규모,확대,말,정수기,공기,비데,환경,가전,저성장,기조,속,경제,부담,
산소,분포,따라,고도,부근,성층권,최적,오존,생성,조건,
우려,따라,합리,수준,자동차,사용,제한,규제,
이번,비준,취득,따라,강철,세부,사업,조건,검토,협의,
지적,따라,조기,폐차,보조금,지급,대상,경유,차,
허용,따라,화학제품,제조,시설,관계,법령,재료,공정,
변경,따라,중경,시,정부,중앙,정부,권한,
이번,비준,취득,따라,강철,세부,사업,조건,검토,협의,
최근,산업,구조,변화,따라,공장,업종,다양,환경,오염,저감,기술,발전,점,
특성,따라,차이,
전망,따라,공격,투자,
이번,유상,증자,따라,투자,파트,너스,해외,진출,플랫,폼,펀드,위,다의,지분,
전망,따라,공격,투자,
이번,유상,증자,따라,투자,파트,너스,해외,진출,플랫,폼,펀드,위,다의,지분,
체결,따라,기업,전략,제휴,확대,
국도,따라,서쪽,차,
법,따라,해야,경기,연구원,이번,연구,용역,
법,따라,해야,경기,연구원,이번,연구,용역,
주장,따라,경기,도청,정문,규모,항의,집회,
제도,도입,따라,나무,
상황,따라,주의보,이상,이상,중대,경보,이상,
학원,발표,자료,따라,전역,오존,농도,
오존,농도,따라,단계,주의보,이상,이상,중대,경보,이상,순,발령,오존,경보,발령,관내,대기,배출,시설,노인정,어린이집,대기오염,문자,알리,미,서비스,신청,구민,명,휴대폰,문자,메시지,
대기,안전,기준치,따라,연평균,
경우,농도,따라,단계,주의보,이상,이상,중대,경보,이상,
환경,기준,따라,대기오염,물질,
본격,시행,따라,환경부,대기,통합,예보,센터,걸쳐,전국,
대기,환경,보전,법,따라,이하,징역,이하,벌금형,
대기,환경,보전,법,따라,이하,징역,이하,벌금형,
구축,환경부,기준,따라,대기오염,물질,
규모,따라,정부,지원,대표,정부,공인,실증,사업,참여,그동안,축적,기술력,노하우,
규모,따라,정부,지원,대표,이번,실증,사업,참여,확정,
필요,따라,사용,전기료,
실적,따라,할인,혜택,해외,휴대,전화,
크기,따라,대당,대당,보조금,
변화,따라,자살,증가,확인,연구,팀,발생,
대기,환경,관리,기본,계획,따라,경유,차,대해,매연,저감,장치,부착,조기,폐차,공해,
설명,따라,시,노후,경유,차,
정책,따라,이번,황사,포함,금속,성분,
지역,따라,주민,기대,수명,건강,수준,이유,까대기오염,정도,주거,환경,외부,환경,조건,주민,건강,영향,
사회,복지,연대,사무,처장,따라,건강,평등,존재,원인,실질,조사,그동안,이뤄지지,이번,조사,대상,마을,건강,환경,면,취약,공동체,문제,
바람,따라,지상,자연,현상,반면,황사,
요청,따라,스모그,주요,원인,물질,휘발,유기,화합물,도로,이동,오염원,대해,집중,논의,계획,나라,수도,대기,관리,대책,휘발,유기,화합물,도로,이동,오염원,관리,정책,배출,량,감축,
수출,증가,따라,수출,금액,최초,
양,따라,해,
배출,허용,기준,따라,오염,배,출원,규제,단속,
카,생산,도시,조성,사업,협력,협약,따라,마련,앞,간,
차종,따라,지원,금액,상한,액,
대기,상황,따라,분진,흡입,물청소,
사용,방식,따라,기술,
완료,따라,정부,활용,경쟁력,강화,
서명,따라,통상,절차법,영향,평가,국내,보완,대책,활용,방안,
중소기업,협력,따라,양국,중소기업,협력,
소득세법,따라,연말,정산,
소득세법,따라,연말,정산,
소득세법,따라,연말,정산,
교육부,방침,따라,시도,교육청,일선,학교,황사,상황,
기능,감소,정도,따라,만성,폐쇄성,진행,정도,
교육부,방침,따라,시도,교육청,일선,학교,황사,상황,
통행,정도,따라,불,
사업주,따라,환경,관리,
정부,따라,지난해,폭죽,안전,생산,보장,규정,
자동차,증가,따라,대기오염,신흥,경제,국,수준,환경,규제,
최종,통과,따라,대심,도로,시대,본격,市,축,격자,지하도,계획,토지,보상,소음,민원,민자,사업,통행료,부담,동서,지하도,확정,도로,정비,기본,계획,동서,지하,도로,
소음,민원,따라,도심,체증,구간,해소,
요청,따라,이번,절차,진전,협상,타결,직후,단계,서명,
항목,따라,비교,분석,내용,연방,자동차,청,발표,데이터,
가입,따라,증가,비용,공사,대금,
하이브리드,자동차,지원,사업,시행,따라,올해,출고,하이브리드,자동차,탄소,배출,량,이하,중소형,차량,
대기,환경,관리,기본,계획,따라,수도,대기오염,총량,
대기,환경,관리,기본,계획,따라,수도,대기오염,총량,
지정,따라,시설,
프로그램,따라,조성,에코,건축,허가,시,이산화,탄소,배출,량,클린,워터,소비량,쓰레기,소음,채광,태양,기후,습도,영향,식용,가능,곡물,경작,기준,
특성,따라,발생,질병,초미세,먼지,보통,심혈,관계,질환,호흡기,질환,
원인,따라,치료,의사,진료,
방사선,영향,평가,결과,따라,주민,보호,조치,
시행,방법,따라,수정,보완,고농,발생,정보,
피해,우려,따라,자제,오전,군,방송국,교육청,공공시설,관계자,상황,
시행,방법,따라,수정,보완,고농,발생,정보,
피해,우려,따라,자제,오전,군,방송국,교육청,공공시설,관계자,상황,
법률안,지침,따라,경유,택시,배정,당초,배정,경유,택시,
임파선,따라,반대쪽,폐,
상황,따라,기타,치료,
위반,유형,따라,조업,정지,과태료,처분,행정,처분,
관심사,따라,요동,
완료,따라,내년,공사,착공,계획,이번,설치,광천,오거리,보상비,
시행,따라,정부,기업,배출,온실가스,허용량,
협약,따라,귀뚜라미,병렬식,시스템,
규제,기준,따라,원전,재가동,심사,
규제,기준,따라,원전,재가동,심사,
글로벌,톱,환경,기술,개발,사업,선정,따라,학,연,산,學,硏,연구,단인,측정,기술,개발,사업단,
시장,상황,따라,출시,
농업,폐기물,처리,수요,따라,양국,협력,
정도,따라,지속,관리,
발,대기오염,따라,시민,건강,보호,
발,대기오염,따라,시민,건강,보호,
발,대기오염,따라,시민,건강,보호,
확대,따라,국가,경보,기준,예보,경보,조례,
전,측정치,따라,운영,여부,
오염,정도,따라,남색,황색,주황색,적색,단계,경보,체계,
국비,확보,따라,내년,경유,시내버스,노후,천연가스,시내버스,
시,따라,지방비,회사,자부담,
예상,따라,효과,
안분,따라,지역,세,
실정,따라,앞,대기,개선,장기,종합,대책,외부,상황,여건,
경기,침체,따라,연료비,절감,
판단,따라,협상,참여,
올해,종료,따라,시행,계획,
오염,물질,배출,정도,따라,배출,방지,시설,측정,시설,
증가,따라,도로,옆,왕복,도로,
환경,오염,제기,따라,정확,판단,
설비,규모,따라,월,정도,일정,유지,관리비,납부,컨설팅,설치,유지,보수,서비스,
오염,물질,유입,일수,따라,대기오염,물질,적극,관리,
편입,따라,시,등록,자동차,배출,가스,정밀,검사,
안,따라,
업체,내수,시장,따라,전지,제조,업체,투자,
전기,차,보급,확대,정책,따라,리튬,이온,전지,생산,품목,
공동,노력,따라,도시,계획,결정,실시,계획,
원인,물질,따라,관리,방법,원인,
처방,따라,치료,
항,따라,과태료,이하,경고,처분,
법령,따라,점검,
환경,산업,지원,법,따라,수질,배출,시설,환경,관련,분야,설치,허가,
오염,상황,따라,지방,정부,기업,생산,차량,운행,
대기오염,몸살,따라,상하,자동차,번호판,경매,
구동,유무,따라,승용,승용,
정책,따라,국유,기업,글로벌,기업,본사,생산,기지,
정책,따라,국유,기업,글로벌,기업,본사,생산,기지,
대기,환경,보전,법,따라,청정,연료,
엄마,따라,여탕,공짜,목욕,
뉴스,따라,온실가스,
활용,고형,연료,따라,세계,그동안,전력,
지적,따라,기존,관리,계획,입주,기관,기업,청정,연료,사용,규정,
발표,따라,출고,가격,자동차,대해,최대,내국세,
결과,따라,환경부,일회용,비닐,빵,과자,세제,라면,포장,필름,
시,따라,서광,산업,주,한림,항,
대기,환경,보전,법,따라,석탄,고체,연료,
대기,환경,보전,법,시행령,예외,조항,따라,환경부,연료,변경,승인,
정도,따라,생활,행동,제한,
법률,따라,시,시정,
정부,따라,도시,정소,초미세,먼지,오전,일산,탄소,오염,물질,항목,실시간,측정,자료,
지시,따라,기어,
장려,따라,축,자전거,도로망,
대기,환경,보전,법,규정,따라,자동차,공회전,제한,조례,
지적,따라,자동차,운전자,차량,경우,중점,공회전,장소,발견,때,측정,조제,항,내용,
대기,환경,보전,법,따라,최고,이하,징역,이하,벌금,형사,처벌,행정,처분,
랠리,따라,정부,대기오염,환경,정화,사업,간,
오염,물질,배출,정도,따라,종,전기,태양광,자동차,종,하이브리드,차,사용,차,종,매연,장치,산화,촉매,장치,부착,자동차,구분,세제,혜택,공해,자동차,구입,등록,적용,하이브리드,자동차,경우,구입,단계,최대,
지역,특성,따라,예산,
청사진,따라,양국,지도자,소통,
매연,규제,따라,
공기,상태,따라,손잡이,아래,무드,색깔,
법,화관,법,시행,따라,중소기업,부담,
발생,따라,폐수,위탁,처리,비용,전기,정도,
필요,따라,약물,치료,방사선,치료,항암,치료,
병기,따라,치료,방법,조직,검사,기타,검사,
발표,따라,환자,선량,흉부,검사,
생산자,부담,원칙,따라,타이어,제조,업자,환경,개선,의무,
관련,법,따라,정밀,검사,
실내,습도,따라,자동,컴프레서,운동,
지적,따라,단속,원,공회전,차량,
로컬,푸드,사업,전면,시행,따라,농촌,어르신,이상,월급,
보조금,확대,정책,발표,따라,하이브리드,자동차,
개선,협력,사항,따라,앞,도시,정책,기술,대기,환경,정보,
성장,따라,지난해,상승세,
활용,여부,따라,개발,비용,
활용,따라,개발,비용,
특별법,따라,대기,관리,역인,시,옹진군,제외,소재,자동차,
증가,따라,공해,저감,관련,주,관심,
대기오염,물질,배출,허용,기준,준수,자동차,따라,환산,행정,공공,기관,저공해차,구입,의무,비율,증가,지난해,감소,행정,공공,기관,가운데,기관,의무,
무화,제도,따라,공공,부문,공모,
오염,물질,종류,따라,개별,기술,
이번,계약,따라,동부,노선,가스관,
산책로,따라,시민,운동,
강변,따라,자동차,도로,강변,운동,
산책로,따라,시민,운동,
강변,따라,자동차,도로,강변,운동,
경기,사이클,분석,따라,지역,투자,전략,
구축,따라,환경부,기상청,황사,예보,필요,관측,자료,
이산화,탄소,배출,량,따라,구매,보조금,
안전,관리,실행,계획,따라,합동,점검,반,
수요,따라,운행,수요,대응,버스,도입,
존재,위치,따라,건강,
증가,따라,예방,관리,치료법,정보,
나이,따라,눈물,생성,안구,건조증,경우,
생산,공정,따라,구성,물질,차이,사실,착안,유리,거울,조각,자동차,차종,연식,
대기,환경,보전,법,따라,대기오염,방지,시설,
대기,환경,보전,법,따라,대기오염,방지,시설,
조건,따라,다양,귀금속,공업,관계자,재생,자원,
대체,권장,따라,버스,도입,확대,가운데,정작,지자체,예산,부족,
환경,피해,분석,연구,보고서,따라,석탄,화력,발전소,허용,기준치,
예보,수준,따라,어린이,노약자,호흡기,환자,대기오염,취약,실외,활동,
처방,따라,치료,
상황,따라,대기오염,물질,발현,발생,
상황,따라,대기오염,물질,발현,발생,
특혜,조항,따라,행정,조치,
배출,따라,최근,간,보령,화력,화력,태안,화력,서천,화력,초과,배출,부과금,
발전소,특혜,조항,따라,제재,
발전소,특혜,조항,따라,행정,조치,
오염,물질,초과,배출,따라,보령,화력,화력,태안,화력,서천,화력,초과,배출,부과금,
배출,따라,최근,간,보령,화력,화력,태안,화력,서천,화력,초과,배출,부과금,
발전소,특혜,조항,따라,제재,
리콜,명령,따라,배출,허용,기준,
정도,따라,국소,스테로이드제,필요,경우,증상,지속,반복,경우,면역계,알레르기,반응,자체,
물질,함유,정도,따라,등급,나눠,판정,뒤,수거,보상비,
증가,따라,대기오염,물질,배출,사업장,관리,강화,대책,
기관,따라,차이,커서,정책,신뢰,
증가,따라,대기오염,물질,배출,사업장,관리,강화,대책,
불안감,따라,대기,관리,중요,강조,가운데,하늘,
생산,따라,자금력,부족,중소기업,영세,업체,간,월,정도,유지,관리비,납부,집진,설비,제작,설치,유지,보수,관리,맞춤,대기,관리,서비스,
자연,조건,따라,품질,좌우,기존,유명,황태,덕장,해발,고산,지대,기후,바람,
자연,조건,따라,품질,좌우,지역,산골바람,해풍,지점,위치,지리,이상,황태,덕장,조건,
방법,따라,위험,물건,순환,자원,탈바꿈,유용,사용,환경부,사,전지,활용,협회,홈페이지,
책정,따라,시,기간,대기오염,물질,
계획,따라,중,국,초미세,먼지,오존,휘발,유기,화합물,핵심,오염,물질,
대기오염,정도,따라,차량,부제,
도입,따라,안전,행정부,나라,전체,교통사고,
관심,따라,녹색,과학,기술,친환경,명패,
시행,따라,당장,시행,일,번호판,뒷자리,짝수,끝,차,도로,당국,경찰,
감소,따라,부상자,수,기간,연평균,사망자,수,기간,통행,속도,향상,통행,시간,차량,흐름,원활,안전,행정부,곳,사고,감소,지체,감소,연료,절감,대기오염,감소,연평균,비용,절감,효과,추산,안행,부,작년,전국,곳,
개발,규제,완화,정책,따라,환경부,절차,
곳,따라,
독려,따라,지난해,
제시,따라,향후,스모그,제어,
지적,따라,시설물,개선,경제,운전,시민,향상,체험,도로,
필요,따라,약물,치료,방사선,치료,항암,치료,
병기,따라,치료,방법,조직,검사,기타,검사,
발표,따라,환자,선량,흉부,검사,
이용,실태,분석,결과,따라,추진,방향,
시도,조례,따라,조금,적용,
보급,따라,산업,생태,파괴,발생,증가,나라,날아와서,문제,
자동차,연식,따라,매연,허용,기준,
건강,상태,따라,맞춤,건강,서비스,
연료,연소,따라,발생,절반,이상,
시작,따라,학교,실외,활동,
자질,향상,따라,위상,강화,추세,전인대,헌법,
제의,따라,성립,공산당,
규제,따라,제조업,공장,
경제,지표,양상,따라,양,완화,축소,테이퍼,
상황,따라,처벌,강도,
기록,따라,주의보,예비,단계,
이상,초과,따라,초미세,먼지,주의보,
발령,따라,도,차원,대책,마련,초미세,먼지,전방,위,대응,
핵심,따라,비상,차량,
지역,역시,따라,관용차,운행,
지속,따라,시민,건강,직결,대기,관리,
지속,따라,시민,건강,직결,대기,관리,
대기,상황,따라,시,대기오염,물질,
때,발령,따라,관용차,운행,
때,발령,따라,관용차,운행,
장치,따라,최대,정부,지원,이뤄,공해,
악화,따라,바깥,활동,
연중,최저치,따라,시장,최근,제조업,지표,부진,경기,둔화,우려,위안,약세,
예상,따라,전날,스모그,황색경보,
예상,따라,전날,스모그,황색경보,
요청,따라,부문,맞춤,진단,형식,목적,진단,
화학,물질,관리법,따라,사업장,대해,화학,물질,통계,조사,
제품,성능,따라,가격,선,가전,국내,유통,
대상,따라,정상,체중,과체중,분류,후,소변,샘플,질량,분석,
규모,따라,선택,가능,업체,요구,특성,따라,모델,
모델,따라,월,설비,제작,설치,유지,보수,비용,포함,가격,간,국내,규모,사업,장,집진,설비,설계,운영,
규모,따라,선택,가능,업체,요구,특성,따라,모델,
모델,따라,월,설비,제작,설치,유지,보수,비용,포함,가격,간,국내,규모,사업,장,집진,설비,설계,운영,
예정,따라,공기,
예정,따라,공영,차,고지,주차장,자동차,공회전,장소,
방향,따라,이동,대기오염,물질,의구심,
기자,따라,오염,물질,
보일러,용량,따라,대당,최대,이상,보조금,
택시,발,전법,따라,경유,택시,대해서,화물차,버스,수준,유가,보조금,
탄소,배출,량,따라,부담금,
홍보,따라,시,공회전,구역,지정,곳,공,영차,고지,주차장,공회전,지역,지정,공회전,신장,사거리,
스모그,사태,따라,정부,전체,대기오염,배출,물질,
자치,단체,상황,따라,시범,예보,
상호,교류,따라,친환경,자동차,매연,절감,장치,노후,보일러,교체,
자치,단체,상황,따라,시범,예보,
정령,따라,초미세,먼지,경보,
본격,시행,따라,
대기오염,예보,따라,
폴리,실리콘,반덤핑,확정,판정,따라,제품,관세율,
역학,조사,결과,따라,전량,회수,긴급,처리,이번,사축,처리,기,고온,고압,스팀,가축,
대기,환경,보전,법,따라,자동차,공회전,제한,조례,
온도,따라,저탄소,녹색,성장,
적극,추진,따라,내년,출퇴근,시간,차량,혼잡,시간,대저,탄소,배출,구역,지정,구간,통행료,
법,시행,따라,지난해,시행,시범,예,전국,
농도,따라,주의보,경보,단계,구분,발령,경보,발령,경우,자동차,사용,제한,조치,사항,근거,
시달,따라,시,지사,열,병합,연료,
취임,따라,본사,
전날,사망,따라,올해,감염,사람,가운데,사망,환자,날,증가,따라,당국,예방,통제,조치,
예보,따라,오염,물질,배출,
예보,따라,오염,물질,배출,
길,따라,농도,표시,실시간,유해,
통합,관리,필요,따라,국립,공원,추진,움직임,환경부,현황,검토,자료,
노력,따라,경제,성장,일정,부분,둔화,분석,보도,경제,연구원,연구,위원,스모그,경제,감속,가능,보고서,환경,오염,정부,강,대응,자동차,일부,산업,성장,부정,영향,
산업,구조,조정,정책,따라,지난해,기업,곳,
통과,따라,대기오염,경보,발령,차량,통행,
시행,따라,마련,개정안,지자체,발주,계약,입찰,업체,제출,청렴,서약서,금지,행위,목록,기존,향응,뇌물,담합,알선,청탁,
면,보도,따라,대책,마련,착수,긴급,대책,회의,
주행,거리,따라,부담,방안,
환경,개선,비용,부담,법,시행령,따라,자동차,대당,기본,부과금,오염,유발,계수,지역,계수,
주행,거리,따라,부담,방안,
예상,따라,정부,대응,예상,시나리오,
강조,따라,지방,정부,올해,목표치,
주범,따라,근절,
법소,각시,폐기물,관리법,따라,이하,과태료,부과,사업장,폐기물,법소,각시,사법,처분,대상,소각,악취,피해,예상,주의,필요,시,관계자,추위,끝,초순,야간,주말,집중,단속,
실시,따라,연도,대기오염,추이,에서,감소,추세,환경,기준,수준,관리,계획,평가,세계,선진,도시,수준,개선,올해,천연가스,자동차,친환경,자동차,이상,
통과,따라,농도,
도로,교통,법,따라,자동차,정기,검사,규정,위,반시,벌금,
해석,따라,대학교,병원,공동,연구,
규정,따라,올해,기간,개인,차례,폭죽,
노력,여하,따라,회색,재앙,
위치,따라,온도,차이,발생,
증가,따라,초미세,먼지,대비,용품,모음,전,
필요,따라,종,세척제,채소,과일,
시장,따라,전지,전력,기기,기술,
강화,따라,세계,각국,자동차,제작사,친환경,자동차,개발,박차,
계산,따라,환경부,환경,산업,협력,센터,
등급,따라,국민,행동,요령,
경제,여건,따라,탄력,운영,위해,배출,허용,총량,이전,제도,
스모그,따라,공기,황사,마스크,판매,급증,추세,올해,한자,선정,결과,스모그,우려,부동산,시장,걱정,사실,
개정,따라,보전,산지,편입,경우,대기,수질,오염,방지,시설,산림,훼손,방지,시설,
개정,따라,보전,산지,편입,경우,대기,수질,오염,방지,시설,산림,훼손,방지,시설,
개정,따라,보전,산지,편입,경우,대기,수질,오염,방지,시설,산림,훼손,방지,시설,
출원,따라,사업,진출,속도,
걱정,따라,내년,초미세,먼지,경보,
확산,따라,경보,시행,
종시,도시,개발,계획,일정,따라,추진,집단,에너지,공급,시설,종시,지위,가스,터빈,발전기,기,증기,터빈,발전기,구성,전력,열공,급,설비,용량,열,병합,발전소,
건축,조형,그래픽,디자인,설계,따라,설비,
생산,공급,따라,시민,기존,효율,개별난방,대비,난방,비,
조례,따라,과태료,부과,아파트,아침,출근,시간,공회전,피해,증가,추세,주민,대기,환경,개선,동참,위해,공회전,계도,홍보,
예측,농도,따라,보통,등급,
특징,따라,실내,공기,오염,발생,
이상,초과,따라,사상,초미세,먼지,주의보,
전철,따라,전기,
예보,따라,정도,스모그,도착,나라,이번,주,영향,
완료,따라,식재,수목,고사,방지,
완료,따라,식재,수목,고사,방지,
완료,따라,식재,수목,고사,방지,
강화,따라,자신,재산,가족,
강화,따라,자신,재산,건강,가족,
물질,함유,정도,따라,비닐,플라스틱,농약,용기,봉지,농약,용기,
물질,함유,정도,따라,비닐,플라스틱,농약,용기,봉지,농약,용기,
유입,따라,국민,불편,가중,예보,
에너지,개발,촉진,법,따라,정부,차원,기술,개발,
발생,따라,사업,부지,선정,합리,투명,절차,
도시,따라,생태,환경,위협,기후,변화,식량,위기,수자원,부족,에너지,안보,위협,문제,의식,수준,대응,능력,상황,국가,차원,대응,전략,
예고,따라,향후,그룹,연구,인력,이상,해양,연구소,본사,임직원,연구원,고려,향후,고용,창출,효과,
해안가,따라,갈대밭,기상,관측,첨탑,사진,하늘,
해안가,따라,갈대밭,기상,관측,첨탑,사진,하늘,
부유물,따라,온실가스,환경,오염,
요구,따라,민선,출범,후,시정,목표,
다음,달,노선,개편,따라,시내버스,증차,기존,차량,
발생,따라,남구,이번,허가,사업,장,
취지,따라,시나리오,변수,
취지,따라,시나리오,변수,
오염도,따라,과징금,
소각,따라,수질,오염,
건강,상태,따라,단계,
상황,따라,오염,배출,징수,차,등식,유가,제도,
배기량,따라,걸쳐,단계,배출,가스,정기,검사제,
방송,초미세,먼지,크기,따라,기관지,혈액,심혈,관,계통,들어가,악영향,
방송,초미세,먼지,크기,따라,기관지,혈액,심혈,관,계통,들어가,악영향,
방송,초미세,먼지,크기,따라,기관지,혈액,심혈,관,계통,들어가,악영향,
성공,따라,관련,산업,세계,시장,
성공,따라,관련,산업,세계,시장,
발생,따라,월,정도,폐수,위탁,처리,비용,
확인,따라,일대,폐수,배출,업체,
화장품,성분,따라,자극,반응,
차지,따라,천연가스,자동차,보급,사업,자동차,배출,가스,저감,사업,공해,엔진,개조,매연,여과,장치,부착,자동차,공회전,장치,보급,사업,
기상,조건,따라,국내,영향,
도로,시설,따라,대기오염,정도,차이,터널,교차로,오염,물질,급증,기자,기자,도시,곳곳,이동,대기오염,
획득,따라,패키지,제품,종,
획득,따라,패키지,제품,종,
해안선,따라,최대,확산,면적,추정,세,살수,시설,방,진망,침사지,가설,방음,판넬,탁방,지망,환경,오염,저감,시설,
계절,따라,공기,상태,따라,조사,결과,기자,해,전,팔다리,아토피,피부염,공기,때,공기,
사고,위험,따라,추진,이번,사업,원형,중앙,교통섬,
상황,따라,급,급,경보,
정부,따라,부처,협업,체계,
정부,따라,부처,협업,체계,
필요,따라,도로,중복,구간,구간,차량,
트렌드,변화,따라,대기,환경,분야,방향,
변화,따라,대기,환경,분야,방향,
건의안,따라,산림,청장,앞,조성,보전,산지,오염,방지,시설,
용도,변경,제한,규정,따라,일정,규모,종,배출,시설,이상,공장,민간,투자자,투자,
현행,자동차,관리법,따라,자동차,정기,검사,승용차,인승,이하,출고,이후,도래,최초,검사,
녹색,건축물,조성,지원,법,따라,부동산,에너지,소비,증명,실시,건물,에너지,효율,관심,박스,에너지,절약,공기,도시,조성,지난해,대기오염,물질,측정,최저,수준,
발령,따라,정소,정소,대기오염,정망,측정,오존,데이터,
발표,따라,신규,차량,번호판,
발령,따라,정소,정소,대기오염,정망,측정,오존,데이터,
양상,따라,생산,기술,설비,낙후,업체,강화,퇴출,기준,
예상,따라,지속,도심,교통망,
수사,
예상,따라,지속,도심,교통망,
운용,따라,예측,결과,기상청,
기능,감소,정도,따라,만성,폐쇄성,진행,정도,
급변,따라,현실,제도,
결정,따라,분양,숨통,
결정,따라,분양,활기,
실정,따라,시,농공,관리,기본,계획,변경,검토,관련,기관,협의,
정도,따라,주변,지역,범위,
식재,따라,완충,녹지,환경,정화수,은행나무,배롱나무,종,
식재,따라,완충,녹지,환경,정화수,은행나무,배롱나무,종,
대책,따라,대기오염,저감,
힐링,열풍,따라,자연,공기,
사용,따라,차이,구진,대기,모델,따라,앞,연구,모델,
번복,따라,내주,철원,축협,제기,내용,
법,해석,따라,결과,결과,
예상,따라,발생,추가,대기오염,
예상,따라,시민,건강,예방,오존,농도,저감,
오존,농도,따라,이상,주의보,이상,경보,이상,중대,경보,발령,주의보,발령,호흡기,환자,노약자,어린이,실외,활동,
예상,따라,시민,건강,예방,오존,농도,저감,
도,따라,행정,절차,
시,따라,산단,폐기물,관리,감독,기관,유역,청,재발,방지,피해,보상,대책,수립,시행,
대기,환경,보전,법,따라,시행,공회전,지역,주차,정차,시,이상,공회전,금지,위,반시,과태료,부과,기온,미만,
증가,따라,운전자,편의,배출,가스,대기오염,예방,사고,방지,
위반,내용,따라,사업장,행정,처분,
교통,체증,따라,
위반,내용,따라,사업장,행정,처분,
위반,내용,따라,사업장,행정,처분,
기능,감소,정도,따라,만성,폐쇄성,진행,정도,
원인자,책임,원칙,따라,비산,먼지,발생,사업장,자발,저감,노력,실천,
시내,따라,강물,나무,
비용,증가,따라,기업,국가,경쟁력,약화,문제,예상,지적,교수,항만,주요,목표,고용량,생산,포트,대전제,개발,점,부문,간과,강조,특별,취재,팀,팀장,차장,복,기자,오늘,핫뉴스,섹스,파티,장소,룸,공개,미성년자,평균,주식,부자,벌,엽기,회장,연예인,급,미모,피해,여성,신상,털기,논란,남녀,성경,때,뉴스,스탠드,뉴스,
경우,따라,기관지,
상황,따라,용접,주조,표면,처리,
사정,따라,용접,주조,표면,처리,
경우,따라,기관지,
기능,저하,따라,시민,대기,환경,피해,
환경,협약,따라,동안,대기오염,물질,배출,량의,
지침,따라,배출,시설,대기오염,배출,계수,
정도,따라,소아,천식,입원,환자,통계,최대,연간,증가,농도,때,하루,사망자,증가,면역력,유아,경우,사망,수치,증가,오염도,악화,호흡기,질환,영아,사망,증가,정도,피해,실태,대안,된다고,마음,짐,싸,시골,내려가,삶,터전,
지침,따라,대응,계획,
정도,따라,취득세,재산세,
결론,따라,원주,지방,조치,종결,처리,계획,영월군,앞,지속,특별,점검,
가능,따라,중소기업,실현,각종,복리,후생,성과,보상,시스템,
상황,따라,변해,황사,대표,자연,대기오염원,황사,대륙,중심부,위치,사막,황토,지대,저기압,발생,통과,시,지형,요인,난류,의해,모래,황토,하늘,부유,상층,바람,
내용,따라,야외,수업,금지,수업,단축,휴교,조치,
내용,따라,야외,수업,금지,수업,단축,휴교,조치,
도시,따라,스모그,발생,일수,말,상황,지역,
지적,따라,대기오염,신호등,
지적,따라,대기오염,신호등,
지적,따라,대기오염,신호등,
대기오염,정도,따라,색상,위험,도,
대기오염,정도,따라,운동,외출,
지적,따라,대기오염,신호등,
대기오염,정도,따라,색상,위험,도,
대기오염,정도,따라,실외,활동,여부,
지역,따라,강수량,편차,예상,낮,비,가운데,이번,먼지,
법률,따라,대기오염,소음,진동,악취,공해,각종,사고,자연재해,
이산화질소,발생,따라,엠,텍,내달,공장,가동,
행동,요령,따라,대처,시민,건강,보호,생활,환경,피해,
확대,따라,지방,정부,갈등,해소,
세탁,환경,따라,전문,업체,분해,청소,
장소,따라,곰팡이,제거,관리,방법,조금,국립,환경,학원,화장실,약,건조제,실리카,겔,
특별법,따라,국내,제작,수입,판매,소형,승용차,스포츠,다목,차량,승합차,
회의,발언,따라,전국,시,화력,발전소,철강,화학,정유,시멘트,금속,업종,공장,배출,기준,
판단,따라,이번,제기,폭죽놀이,
강조,따라,시,의회,산,
음도,따라,터널,방음벽,
산,누출,조사,결과,따라,인근,주민,건강,검진,주기,대기오염,전수,조사,지속,모니터링,
특별법,따라,예산,
유전자,따라,유전,소인,폐암,발생,영향,
형태,따라,선암,세포,암,세포,암,
의지,따라,치료,
경우,병기,따라,치료,
발표,따라,환자,선량,흉부,검사,
농도,
시,당국,조치,따라,교통량,
차량,따라,스케이트장,주변,대기오염,자체,기준,
목격자,말,따라,방화,가능,
시행,따라,시,당국,교통량,
경우,관련,법,따라,벌과금,범위,보상금,
제정,따라,정유,업계,업계,희비,정유,업계,국회,본회의,
출력,범위,따라,내년,단계,배출,가스,규제,
법,따라,생산,공정,이용,시설,설치,운영,허가,
공항,운영,허용,항공법,개정,따라,앞,민간,사업자,공항,운영,증명,
수요,따라,경로당,보육,시설,운동,시설,주민,공동,시설,
특별법,따라,내년,국토,해양,소속,
순번,따라,의장국,
식품,위생법,시행,규칙,개정,따라,내년,식당,카페,손,사전,부가세,포함,가격,
시행,따라,미용실,서비스,
등급,따라,월,시간,가족,급,장애,이하,이상,구성,경우,장애,활동,추가,급여,중증,경우,최대,월,시간,
복사,제도,시행,개정,형사,소송법,따라,이후,확정,형사,사건,판결서,증거,목록,기록,목록,열람,복사,제도,시행,법조,일원,전면,시행,법원,조직법,개정,따라,법조,경력,이상,판사,
상대,소송,집합,건물,법,개정,따라,아파트,오피스텔,주상,복합,건물,분양,회사,
증가,따라,다이옥세인,포름알데히드,헥사클로로벤젠,건강,보호,기준,추가,어린이,용품,환경,유해,인자,사용,제한,옥,프탈,레이트,프탈,레이트,트라이,주석,페놀,환경,유해,종,
출력,범위,따라,내년,단계,배출,가스,규제,
경우,이용,횟수,따라,요금,
휴대,전화,따라,사용료,
개정,시행,따라,사업자,포인트,
복선,전철,개통,따라,시민,재산,보호,
사계절,따라,해조류,성장,쇠퇴,
대기,환경,보전,법,따라,지역,
천식,
천식,
기도,따라,공기,속도,감소,기관지,확장,반응,만성,폐쇄성,
요구,따라,소각장,시설,설비,동안,개선,조치,
기도,따라,공기,속도,감소,기관지,확장,반응,만성,폐쇄성,
인식,따라,뿌리,산업,중요,부각,지역,뿌리,산업,전국,대비,
주범,따라,대외,경제,정책,연구원,국내,연구,기관,내년,입주,녹색,기후,기금,사무국,북측,환경,문제,해결,
레저,스포츠,활동,따라,스포츠,기상,기술,개발,방안,
가격,따라,에너지,소비,구조,변화,예상,전통,천연가스,석유,석탄,소비,상대,소비,천연가스,생산,국과,산유국,수출,감소,해당,국가,경제,영향,
관련,조례,따라,주변,영향,지역,효율,지원,
말,따라,발전소,유치,반대,주민,농업,대회,군민,체육,대회,불참,갈등,
대기,환경,보전,법,따라,과태료,
오염,물질,따라,하루,시간,기준치,평균,
고발,따라,향후,수사,
발생,따라,환경부,지속,협의,
정책,따라,지난달,인승,
계절,따라,변화,특징,
도,따라,사업,부지,국비,지방비,
원동기,출력,범위,따라,구분,시행,시기,
필요,사항,따라,신청,기술,설명서,
평각,항목,따라,정보,
노출,따라,전신,후유증,가능,대해서,개인,노출,정도,
비전,따라,자연,생태,공간,전환,
선정,따라,탄소,배출,
이산화,황,농도,따라,중증,천식,환자,영향,관련,연구,결과,
제한,따라,개인,영리,편의,
기준,초과,따라,개선,명령,현장,발부,사용,정지,명령,이하,과태료,처분,
자전거,도로,따라,경찰,교육,원,들판,송악,수지,
대기,환경,특별법,따라,정부,공공,기관,자동차,구매,공해,자동차,
대응,따라,세계,국내,연간,비용,발생,추정,급속,기온,상승,석탄,사용,대기오염,
계절,따라,변화,특징,
계절,따라,변화,특징,
정책,기본법,따라,향후,
정책,기본법,따라,향후,
정책,기본법,따라,향후,
우려,따라,
발전량,따라,일반,기금,
폐기물,관리,조례,따라,폐기물,불법,소각,적발,때,과태료,
발생,따라,불법,소각,행위,특별,단속,
필요,따라,비,
종류,따라,서식,지역,공기,평가,
전기,자동차,운영,효과,따라,특수,차량,
시추,정책,따라,케이,
확장,따라,드릴,도입,
시추,정책,따라,케이,
확장,따라,드릴,도입,
계획,따라,평방,킬로미터,환경,보호,산업,단지,
최근,가스,저장,따라,굴착,수평,시추,공법,고압,물,
가스,누출,따라,온실가스,메탄,발생,가스,소각,발생,대기오염,문제,전문가,
무화,제도,따라,수익,
요구,따라,앞,정책,
요구,따라,앞,정책,
생산,따라,대기오염,신재,에너지,생산,녹색,장,기여,
과민,반응,따라,알레르기,유발,요인,
과민,반응,따라,알레르기,유발,요인,
난방,공사,가격,재협상,검,토이,따라,지역난방,공사,자원,회수,시설,소각장,생산,폐열,
배출,따라,공해,사업,
이번,대책,따라,질소,산화물,배출,량,
풍속,따라,오염,물질,
풍속,따라,오염,물질,
경우,보일러,규모,따라,지원,방법,
우려,따라,정부,민간,발전기,가동,휴가,분산,조업,조정,에너지,절약,예비,전력,확보,
기기,보급,따라,충전,완료,전원,연결,
요구,따라,친환경,유기물,연료,개발,
건강,상태,따라,단계,
건강,상태,따라,단계,
환경,관리,협약,따라,기대,이상,성과,
오존,발생,개연,따라,고농,오존,피해,예방,
검사,결과,따라,이달,양산,차,개선,조치,
착수,따라,원전,
지적,따라,예비,발령,
용도,변경,따라,사업자,특혜,
비료,사용량,따라,온실가스,메탄가스,감소,농업,기술원,지난해,비료,제조법,
비료,사용량,따라,감소,저탄소,비료,국가,온실가스,감축,정책,효과,개발,비료,지난해,특허,출원,
대기오염,물질,발생량,산정,기준,따라,공장,허가,
대기오염,물질,발생량,산정,기준,따라,공장,허가,
농도,따라,증가,입자,점액,
증가,따라,
합의,따라,시도,서민,금융,종합,지원,센터,
우려,따라,조직,위,여객선,운영,협조,박람회,기간,여객선,공급,육상,전기,
능선,따라,일렬,길,
사업,따라,올해,도시,지역,이상,유망,물,프로젝트,
협약,따라,금지,따라,
차량,수,따라,신호등,
강변,따라,고층,아파트,
이하,높여,따라,대기오염,측정,장비,급성장,밖,성,정부,중앙,국유,기업,배기가스,감축,
우려,따라,대대,단속,활동,
차,번호,끝,자리,수,따라,일제,번호판,추첨제,번호판,
차,정비,따라,지역,배출,가스,무상,점,검장,운영,곳,수성,달서,검사소,
요청,따라,이전,대기오염,정소,일산,탄소,오존,대기오염도,풍향,풍속,
교통,문제,따라,자전거,이용,필요,
측정,따라,제출,소음,결과,대기오염,측정,결과,
자동차,배기량,따라,차등,지원,엔진,개조,사업,승합차,화물차,
세기,따라,지역,환경,오염,
세기,따라,지역,환경,오염,
계획,따라,선진국,수준,대기오염,
대기,환경,보전,법,시행령,예외,조항,따라,환경부,연료,변경,승인,
현안,따라,예정,대표,대기오염,환경,문제,중소,상인,보호,울주군,경우,원전,문제,철길,설문,본다며,총선,뒤,약속,이행,여부,
적용,따라,태양광,풍력,재생,에너지,사업,
증가,따라,시범,운영,
증가,따라,시범,운영,
조,따라,경고,과태료,부과,인,구성,시,합동,단속,반,지역,동서,
이번,측정,장비,교체,따라,대기오염,물질,
조성,따라,여천,석화,산,용연,용잠,단지,지역,전체,
대기,환경,보전,법,따라,이후,문,
관련,법,따라,의무,설치,돼,이전,설치,주유소,연차,설치,규정,대기,환경,보전,법,따라,의무,회수,기,
소재,따라,제한,화학,살균제,사용,세균,
검찰,따라,카메라,부착,로봇,
시범,보급,따라,시,
조도,따라,자동,소등,조도,센서,
상황,따라,격등,제도,가능,밖,조명등,반사판,쌓여,먼지,
도시,철도,유무,인구,규모,따라,그룹,나눠,대중교통,계획,시설,서비스,부문,평가,항목,대해,그룹,평가,가운데,
인구,규모,따라,그룹,구분,대중교통,계획,시설,서비스,부문,평가,항목,그룹,가중치,
가능,따라,단속,반,
실정,따라,껍질,폐기물,처리,시설,필요,고형,연료,제품,범위,포함,관련,법,
공해,관련,규제,따라,반사,이익,
해외,진출,따라,구축,공장,코리아,프티,성장,축,
업계,따라,정부,합동,점검,반,사고,원인,피해,조사,결과,시점,피해,규모,
감소,따라,전문가,이번,회의,지도층,내년,통화,완화,기조,선회,방안,
지적,잇따라,따라,이번,회의,수출,위주,방식,제조업,위주,산업,성장,방식,피해,친환경,최첨단,기술,위주,산업,
가능,전망,시민,단체,오염,감시,필요,따라,지역,기업체,내년,고유,황유,
지역,특성,따라,유입,해풍,
확보,따라,향후,기후,관측,망,구축,
시행,따라,센터,성서,공단,중소,기업체,환경,오염,방지,시설,개선,자금,최대,최소,
이번,연구,용역,따라,기존,도로,위주,자전거,길,
이행,따라,지식,경제,부,환경부,관련,사항,
이날,협약,따라,도,지원,특별법,
무허가,업체,따라,자동차,도장,공장,단속,
필요,따라,태양,전지,
태양광,보급,정책,따라,규모,정부,연구,개발,투자,민간,투자,
철,도변,따라,조성,국가,완충,녹지,조성,사업,순조,진행,올해,국가,완충,녹지,
주민,의견,따라,구청,건설,본부,최대한,대안,
근본,따라,결과,
성숙,따라,기존,시설,확대,중심,정책,환경,복지,안전,
소아,따라,관내,초등,동변,초등,교,
유가,고공,행진,따라,시민,에너지,절약,필요,
도,따라,내년,시내버스,
발전,시설,운영,따라,배출,양,온배수,인해,어류,산란,장소,파괴,해양,생태,변화,어민,피해,
정부,계획,따라,자전거,네트워크,구축,이바지,된다고,말,올해,사업,계획,구간,
변화,따라,소아,면역,체계,약화,인해,천식,아토피,피부염,알레르기,질환,발생,증가,아토피,피부염,경우,재발,증상,악화,인해,일상,생활,공부,지장,응답,청소년,조사,의료비,부담,사회,활동,제약,사람,질,저하,사회,경제,부담,
편성,따라,행정,기관,
개최,따라,세계,환경,도시,관계자,
개최,따라,세계,환경,도시,관계자,
기준,초과,따라,개선,명령,현장,발부,사용,정지,명령,이하,과태료,처분,
평가,따라,지속,저감,
완공,따라,일각,우려,목소리,
기공식,따라,스퀘어,개청,최대,규모,개발,사업,
자동차,번호판,끝,자리,수,따라,날,승용차,시민,자율,의사,따라,날,
공개,따라,읍민,주변,시멘트,공장,배출,대기오염,불안감,해소,기대감,
도로,따라,자전거,
노출,따라,연구,팀,공해,퇴근,시간,자전거,사용,
대동맥,역할,
물빛,공원,수로,따라,형성,수변,프롬나드,지역,문화,상징,
북측,배수로,따라,갯벌,생태,
실시간,교통량,따라,신호등,환경,감지기,대기오염,
환경,설비,투자,따라,당초,오염,물질,배출,저감,목표,저감,실적,
교통량,감축,이행,정도,따라,교통,유발,부담금,경감,인센티브,
조례,따라,기업체,승용차,주차장,유료,자전거,이용,활성,교통량,감축,프로그램,참여,
부각,따라,정부,오염,시,화호,
안전,관리,기본법,따라,다중,이용,시설,특정,관리,대상,시설물,
결과,따라,후속,조치,
마련,따라,시,공무원,차,출근,솔선수범,
조,따라,총량,관리,사업장,대해서,대기오염,물질,
해당,시행령,따라,배출,부과금,
법,따라,배출,부과금,
합동,조사,후,결과,따라,조치,
방법,따라,접수,우수,녹색,기술,전문가,구성,심사,위원단,의해,환경,경제,실용,
시범,운영,결과,따라,추가,도입,
시,따라,사업비,
활동,따라,발생,대기오염,수질,오염,해양,오염,방사능,오염,악취,일조,방해,사람,건강,환경,피해,
활동,따라,발생,대기오염,수질,오염,해양,오염,방사능,오염,악취,일조,방해,사람,건강,환경,피해,
원칙,따라,쓰레기,
노력,따라,배출,량,
이번,협약,따라,조인트,벤처,
여론,따라,계약,
여론,따라,계약,
본격,추진,따라,후면,지하,도로,시대,막,
소음,민원,따라,도심,체증,구간,해소,
생각,따라,인간,다양,업,
공간,따라,일,
증가,따라,
상황,따라,석유,가격,상승,국민,경제,악영향,
관리,따라,인,생활,폐기물,하루,발생량,
발효,따라,이후,건조,총톤수,이상,선박,선종,톤수,탄소,배출,량,허용,기준,따라,설계,건조,운항,화물,
운전,방법,따라,소요,연비,선박,건조,사용법,중요,부문,신조,부문,비해,시장,규모,기존,선박,친환경,
요구,따라,배,
시,따라,건축물,옥상,지원,대상,주거,상업,
이번,협약,따라,구월,보금자리,주택,검단,도시,송도,사업,함유량,친환경,도료,
도로,따라,순차,건물,번호,
신고,따라,관리,
활동,따라,발생,환경,오염,범주,
실시,계획,단계,따라,협의,요청,교통,문제,
탄소,배출,량,따라,거액,세금,
협조,따라,힘,
지적,따라,시,악취,감지,시스템,설치,고려,검증,예산,낭비,초래,판단,유보,상태,사람,악취,
차량,소유,증가,따라,교통량,증가,곳,서곡,교,사거리,교통,혼잡,비용,연간,사회,낭비,요인,최악,교통,정체,인해,발생,교통사고,대기오염,차량,소음,증가,경제,환경,피해,추세,근본,대책,필요,상태,관련,
소모,따라,이번,아이디어,
이해관계,따라,반대,
분석,따라,국고,지원,
분석,따라,국토,해양,부,
규모,따라,손,
연료비,절감,기대,오염,배출,방지,시설,설치,따라,액체,연료,중유,
연료,사용량,따라,오염,방지,시설,투자,필요,투자액,
상향,조정,따라,기업체,탈황,설비,최적,방지,시설,
제출,따라,해당,운주,면민,산천,상류,지역,양촌,면민,적극,반대,운동,
제출,따라,논란,확산,위치,금,은광,산,금,은,
대중교통,중심축,따라,첨단,간선,급행,버스,노선,
예상,따라,오존,경보,
준공,따라,규모,생산,가능,기공식,
요청,따라,구성,경제,실적,사회,진보,계측,
기준,초과,따라,개선,명령,현장,발부,사용,정지,명령,이하,과태료,처분,
여객,자동차,운송,사업,법,따라,내년,시내버스,
설치,따라,보육,시설,노인정,집합,시설,문자,서비스,
방침,따라,앞,전기,자동차,
폐기,따라,시설,전면,공유,수면,
연식,따라,보조금,상한,액,범위,보험,개발,원,산정,차량,기준,액,
규정,따라,원전,방출,방사성,물질,해양,투기,사전,협의,원전,주변,해양,생태,공동,조사,
세포,암,따라,당시,진행,상태,따라,치료,시작,당시,환자,전신,상태,환자,의지,따라,치료,
경우,병기,따라,치료,
궤도,따라,운행,무인,자동,운전,시스템,
남천,따라,바람길,창,원신,도시,설계서,지금,감탄,
연령,따라,예방,접종,
개인,따라,알레르기,
증상,따라,치료,
발달,따라,지상,높이,중층,기류,동쪽,동중,국해,
지형,따라,자유,몸체,
역할,따라,성분,함유,약,
도로,위,레일,따라,정원,규모,전동차,
공간,따라,변화,인류,
공간,따라,변화,인류,
알레르기,비염,증상,따라,항히스타민제,재채기,콧물,가려움증,때,혈관,수축,포함,점비제,힘,증상,때,스테로이드제,증상,동반,때,
사용,따라,대기오염,
이관,따라,시가,도로,운행,차량,
우려,따라,특별,단속,
직종,따라,직업,알레르기,질환,발생,질환,기관지,천식,알레르기,비염,알레르기성,결막염,태열,아토피,피부염,알레르기성,접촉,피부염,두드러기,음식물,약물,알레르기,아나필락시스,사망,전신,알레르기,반응,질환,천식,기관지,알레르기성,염증,의해,기관지,기침,숨소리,호흡,곤란,질환,천식,환자,밤중,새벽,기침,
나이,따라,부위,생후,얼굴,시작,돌,몸통,팔,다리,세경,다리,부위,특징,알레르기,질환,
사용량,따라,이상,과태료,
종류,따라,관세,개별,소비세,교통세,
변화,따라,대비,
면,따라,시,도심,관광버스,주차,공간,
순환,원칙,따라,총회,
아토피,피부염,유발,요인,따라,국민,가려움증,염증,
실추,따라,지역,경제,회복,치명타,
위원회,따라,건강,위해,행위,목적세,
위원회,따라,건강,위해,행위,목적세,
위원회,따라,건강,위해,행위,목적세,
청력,검사,표,따라,보청기,
유전자,따라,유전,소인,폐암,발생,영향,
유전자,따라,유전,소인,폐암,발생,영향,
의지,따라,치료,
경우,병기,따라,치료,
발표,따라,환자,선량,흉부,검사,
대두,따라,청정,대기,환경,보전,
차량,연식,따라,저감,장치,대당,매연,저감,장치,엔진,개조,
시행,따라,시,대기,개선,효율,
각광,따라,기존,기능,성분,
대두,따라,청정,대기,환경,보전,
치료,시스템,따라,근본,비염,치료,
경우,경중,따라,최저,최고,포상금,지급,한편,지난해,중구,환경,오염,행위,신고,접수,포상금,
경우,경중,따라,최저,최고,포상금,
요구,따라,홍색,경계선,
문건,따라,실시,세칙,
활동,따라,발생,대기오염,수질,오염,토양,오염,해양,오염,방사능,오염,소음,진동,악취,사람,건강,환경,피해,
이번,따라,과학,원,기술,개발,기술,제공,측정,자료,공유,인력,교류,공동,연구,수행,연구,결과,국제,학술지,공동,게재,레이저,광,
정도,따라,기관지,확장,항생제,약물,요법,산소,
조,따라,경고,과태료,부과,인,조,구성,단속,반,동서,
공약,따라,대기오염,줄,노력,
계절,따라,인체,시스템,
상황,따라,특수,설치,현재,일부,신호,교차로,필요,신호,대기,시간,신호위,반,사례,도로,발생,교통사고,기준,교차로,발생,안전,문제,지적,국토,관계자,나라,전체,교차로,인,
감소,정도,따라,질환,진행,정도,
공동,개발,협,약식,따라,양측,이번,사업,지분,
지적,따라,주요,산,산성도,
합의,따라,민간,위탁,지방,공사,공기업,민간,공동,위탁,다양,방식,운영,병,입,甁,수돗물,개발,
증가,따라,앱,
상태,따라,적색,초록색,신호등,
증가,따라,앱,
증가,따라,앱,
완공,따라,철,송장,국토,해양,장관,
개통,따라,국가,공단,지역,인적,물,수송,체계,혁신,
개통,따라,수송,전기,
시,따라,구조,안정,옥상,면적,이상,병원,문화,상업,시설,
연령,따라,흡입,기구,
첨단,오염,방지,시설,설치,따라,대기오염,물질,
첨단,오염,방지,시설,설치,따라,대기오염,물질,
경우,온난,따라,발생,가능,열대,전염병,증상,교육,
진출,따라,
진출,따라,내비게이션,시장,
가격,따라,사업,비중,
가격,따라,사업,비중,
사람,따라,국가,관리,방안,
발생,따라,대응책,마련,시설,생활,폐기물,가운데,불,쓰레기,압축,고체,연료,
판단,따라,공조,체제,
권유,따라,정도,입원,치료,
나이,따라,호흡,곤란,
대기오염,정도,따라,빛,밝기,조절,작품,
임파선,혈관,따라,장기,전이,
병기,따라,치료,예후,차이,
대기오염,가능,따라,검사,기준,
자동차,배출,가스,검사,방법,개선,사항,이행,요청,따라,검사,장비,
시간,따라,진행,항,염증,치료제,
개인,따라,온도,가능,본인,
노출,정도,따라,인체,중추,신경,호흡기,심장,순환,신장,간,장애,
기분,따라,움직인다,해외,브리핑,美,증시,기분,따라,움직인다,주식,시장,상관,관계,흥미,연구,결과,포브스,주립,대학교,경제학자,
합의,따라,개최,환경부,환경,공단,포럼,양국,주요,환경,정책,환경,현안,정보,
합의,따라,개최,환경부,
생산,따라,대기오염,피해액,
폭우,따라,오염,물질,배출,가능,예상,오염원,배출,사업장,현장,확인,지도,감독,활동,
변화,따라,감기,증상,
동선,따라,폭,산책로,
자전거,도로,따라,분리,조성,산책로,연장,공정,
강변,따라,디자인,공원,연결,자전거,테마,문화,복합,공간,조성,자전거,도로,네트워크,
지구,온난,따라,웜,풀,온난,해수,지역,엘니뇨,영향,혹한,증가,분석,일반,엘니뇨,해,여름,가을철,이듬해,봄철,온난,기후,웜,풀,엘니뇨,해,여름,가을철,온난,기후,발생,따라,뒤,기온,상승,강수,경우,존재,호우,발생,아열대,기후,예상,영향,계절,편중,유량,편차,홍수,가뭄,발생,빈도,발생,가능,증가,전망,꽃,시기,작물,재배,시기,변화,아열,대종,식물,해충,앞,계속,증가,폭염,기상,재해,피해,대기오염,질환,전염병,증가,예상,학원,관계자,이번,보고서,앞,우리나라,기후,변화,정책,수립,연구,국내외,홍보,기초,자료,활용,예정,예정,보고서,
반응,따라,기관지,확장,
연장,따라,신청,기간,
호응,따라,앞,배출,가스,저감,사업,
오존,농도,따라,주의보,경보,중대,경보,단계,발령,
우려,따라,대기오염,행위,근절,대책,
시,따라,평가,요소,주민,편익,지역,발전,기여,저탄소,항목,
도시,규모,교통,수요,재정,여건,따라,건설,방식,중량,전철,경량,전철,
상황,따라,시,평가,요소,주민,편익,지역,발전,기여,저탄소,항목,
도시,규모,교통,수요,재정,여건,따라,건설,방식,중량,전철,경량,전철,
주장,따라,사회,갈등,치명,환경,파과,
개정,따라,사업장,
기준,초과,따라,개선,명령,현장,발부,사용,정지,명령,이하,과태료,부과,사전,무료,점검,
매연,따라,대기,환경,오염,불,
종류,따라,증세,
발생,따라,바이러스,세균,감염,의해,아토피,피부염,악화,여름,습도,열기,건조,대기,아토피,피부염,
시행,따라,상업,석탄,수요,
이해,따라,스마트,성장,지지,선호,사회,집단,차이,스마트,성장,
협약,따라,친환경,대체,에너지,설비,확대,
자동차,따라,교통,체증,대기오염,심화,저탄소,녹색,성장,교통난,개선,
자동차,따라,교통,체증,대기오염,심화,저탄소,녹색,성장,교통난,개선,
전국,최고,사망,따라,여름철,오존,농도,먼지,농도,상승,경우,시민,노약자,외출,
나이,따라,차등,
화물,
점검,합격,점,따라,준공식,
점검,합격,점,따라,준공식,
안전,수칙,따라,진행,이번,행사,가족,친구,연인,동호인,다양,참여,보여,행사,비판,자리,
요청,따라,진행,가교,역할,
확충,따라,올해,일반도,중앙,차,유형,구분,오염,현상,
자동차,따라,일반,도로,중앙,차로,도로,유형,오염,현상,
최대,따라,앞,지역,기업체,적극,참여,
향후,사업,결과,따라,무상,조림지,규모,
이날,협약,따라,디스플레이,기아,자동차,도내,기업,참여,중소기업,
대안,따라,독자,기술,개발,박차,
제보,따라,지속,단속,활동,
대기오염,따라,심혈,관,호흡기,질환,
개인,따라,두통,호흡,곤란,불편,
용량,따라,최소,최대,지원,에너지,관리,공단,인정,검사,판정,버너,
지역,특성,따라,극미량,연무,소독,가열,연막,연기,소독,
지역,특성,따라,극미량,연무,소독,가열,연막,연기,소독,
지역,특성,따라,극미량,연무,소독,가열,연막,연기,소독,
발표,따라,정부,지난달,판매,모델,차량,대해,연비,
구축,따라,최신,컴퓨터,시스템,
구축,따라,최신,컴퓨터,시스템,
구축,따라,최신,컴퓨터,시스템,
시,따라,보상,실시,설계,
승용차,운행,감축,따라,시내,교통량,적어져,교통사고,
시,따라,앞,클린,형광,폐건전지,겸용,회수함,설치,
엔진,배기량,따라,요금,
엔진,배출,량,따라,요금,
판단,따라,선박,
판단,따라,선박,
증가,따라,진료비,증가,환경,질환,진료비,대비,증가,사회,비용,
경우,기준,초과,따라,개선,명령,현장,발부,사용,정지,명령,이하,과태료,처분,
대기,오존,농도,따라,주의보,
실시,따라,대기오염,정소,설치,시,
설명,따라,환경부,올해,자체,시설,관리,기준,
방침,따라,일선,녕,연해,지역,개발,장,길,長,吉,장춘,도문,발전,계획,국가,급,발전,계획,추진,동북,지역,발전,잠재력,
녹색,정책,따라,총영사관,대련,녹색,산업,협력,회의,
국토,부,따라,검증,용역,결과,사업,
운영,따라,
추후,택시,이용,실적,따라,최대,교통,유발,부담금,
보건소,따라,지역,사회,아토피,질환,관리,만성,질환,인식,
검사,걸과,따라,아토피,환자,
추후,업무,택시,이용,실적,따라,최대,교통,유발,부담금,
법원,따라,원고,입증,부분,대해,입증,실패,판단,배출,가스,원고,질병,사이,인과,관계,부정,위법성,고,과실,대해,필요,원고,청구,
강화,따라,가스,저장,탱크,저장고,확충,필요,건축,시설,에너지,절약,시스템,보강,유택,동산,지역,국가,유공자,봉안,시설,
강화,따라,가스,저장,탱크,저장고,시설,
추진,따라,공해,엔진,개조,매연,저감,장치,관련,업계,수혜,예상,회사,관계자,수도권,대기오염,
농도,따라,주의보,경보,중대,경보,제공,피해,
작동,따라,소음,진동,발생,수면,
관련,규정,따라,형사,처벌,절차,
이용,금액,따라,교통,유발,부담금,
명예,훼손,혐의,따라,누리꾼,신원,
명예,훼손,혐의,따라,누리꾼,신원,
증가,따라,시장,성장세,
항만,공사,따라,선박,설계,건조,
항만,공사,따라,선박,설계,건조,
항만,공사,따라,선박,설계,건조,
시,따라,시민,전문가,환경,시민,단체,대표,참석,가운데,최종,보고서,
시,따라,시민,전문가,환경,시민,단체,대표,참석,가운데,최종,보고서,
시,따라,시민,전문가,환경,시민,단체,대표,참석,가운데,최종,보고서,
구축,따라,국립,환경,학원,전국,사업장,배출,오염,물질량,정확도,
시,따라,지난해,지원,사업,
환경부,고시,따라,에멀션,연료유,사용,
차량,따라,대당,
대기,환경,오염,따라,자동차,대기오염,
대기,환경,오염,따라,자동차,대기오염,
특별법,따라,수도,지역,공급,자동차,연료,환경,품질,등급,평가,제도,
원칙,따라,내년,교차로,신호,
원칙,따라,내년,교차로,신호,
특별법,따라,유사,연료,환경,품질,등급,
위치,따라,대기오염도,지역,경우,공단,시내,위치,대기오염,물질,
법률,따라,규제,
보도,따라,빗물,
시,따라,지난해,휘발유,승용차,경우,평균,배출,량,제도,
설치,주행,거리,따라,자동차,보험,요율,
전망,따라,업계,해운,최근,국제기구,선박,온실가스,규제,선제,대응,녹색,성장,
환자,따라,계절,증상,악화,반복,계절,변이,
농도,따라,주의보,경보,중대,경보,구분,야외,활동,자동차,운행,자제,당부,상황,행동,요령,
지론,따라,실물,경제,회복,
판단,따라,민간단체,전국,처음,인,채용,박람회,
막바지,따라,일정,아부,다비,
주민,따라,양산,구간,전체,
신청,따라,허가,청인,유역,
조치,따라,앞,숯,가마,
대기,환경,보전,법,따라,허가,
환경,단체,따라,환경,오염,가중,탄소,증가,
환경부,따라,숯,가마,찜질방,가운데,주거,지역,인접,시설,용적,이상,숯,가마,
배출,가스,증가,따라,대기오염,가중,청정,연료,
초과,비율,따라,역,逆,부과금,인센티브,
정체,길이,따라,단계,구분,진입,차,수,감축,
청정,대기,법,따라,내년,연간,이상,이산화,탄소,
정체,길이,따라,단계,단계,구분,진입,차,수,감축,
개인,따라,알레르기성,비염,
등록,따라,숯,가마,찜질방,특성,화상,질식,안전사고,위험,존재,관리,감독,공중위생,관리법,상,목욕장,업,사항,대해서,점검,
포상금,제도,운영,지침,따라,
양성,따라,제정,자격증,대기,환경,기사,직무,정망,
운전,습관,따라,당락,
제조,물,책임,법,따라,자동차,설계,제조,문제,주장,변호사,천식,병,원인,
매립,따라,오염,가능,고형,연료,
고유,황유,허용,건의,따라,고유,황유,대해서,환경,정책,평가,연구원,분석,검증,용역,
연구,용역,결과,따라,허용,여부,
기본,콘셉트,따라,빌딩,건물,외벽,전통미,
기본,컨셉,따라,빌딩,건물,외벽,전통미,
기본,콘셉트,따라,빌딩,건물,외벽,전통미,
대회,규정,따라,
날씨,변화,따라,정도,지역,
강,의원,따라,아토피,피부염,천식,알레르기성,장염,알레르기성,비염,알레르기성,결막염,아토피,질환,
강,의원,따라,아토피,피부염,천식,알레르기성,장염,알레르기성,비염,알레르기성,결막염,아토피,질환,
질,따라,좌우,안정,전력,
질,따라,좌우,안정,전력,
완성도,따라,실질,홍보,활동,
단축,따라,연간,물류비,절감,효과,예상,교통,여건,송도,국제,도시,국제,비즈니스,영종,지구,관광,레저,기능,만나,개발,가속도,전망,청,건축미,자연,조건,
먼지,따라,초과,부과금,
결과,장소,따라,탄화수소,저감,분석,대기,유증,기,
개통,따라,시민,관광객,
발생,따라,전국,세탁소,대해,유기,화합물,
발생,따라,전국,세탁소,대해,유기,화합물,
총회,따라,환경,관심,
경우,기준,초과,따라,개선,명령,현장,발부,사용,정지,명령,이하,과태료,처분,
전화,따라,식당,주변,차,말,시각,청주,경찰서,모습,마찬가지,경찰서,입구,출입문,
날,행사,따라,하루,시,본청,
지속,따라,지난해,
수송,분담,
개최,따라,시,이날,시,청사,
하늘,교통망,따라,향후,이내,항공기,배기가스,지구,대기오염,
시,따라,시,청사,구,군,주차장,사용,
거리,지정,따라,오전,오후,구청,디자인,거리,일부,구간,구청,주변,거리,구간,차량,통행,전면,금지,대신,시민,
코스모스,길,따라,조깅,시민,오염,과거,친환경,생태,시민,공원,변모,해,여름,길목,하늘,사이,사이,바람,
특별법,따라,내년,수도,대기,환경,관리,구역,설정,경기,지역,시,
특별법,따라,내년,수도,대기,환경,관리,구역,설정,시,사업장,대기오염,총량,
연료,따라,차이,
강변,따라,조성,밭길,선암,수변,공원,
증가,따라,여가,활용,삶,질,
농도,따라,주의보,경보,중대,경보,제공,피해,
협약,따라,바다,우뭇가사리,
포함,따라,석유,화학,공단,직장,예비군,지역,예비군,편입,요구,전국,공단,지역,직장,예비군,운영,제도,
농도,따라,단계,보통,사람,영향,구분,전송,주민,단계,행동,요령,주요,오염,물질,배출,사업,장,조업,
사업,따라,시,올해,처용,공업,사,제지,처용,공업,금속,동제,구간,길,면적,대해,조성,사업,
시,따라,지난해,유화,공업,처용,공업,길,면적,규모,조성,시범,사업,
자동차,운행,거리,따라,보험료,
감소,정도,따라,기존,보험료,인하,혜택,
진행,따라,수반,악취,대기오염,쓰레기,부작용,
성장,발달,따라,고객,편안,신속,교통수단,
제기,따라,카메라,번호판,기술,
교체,따라,연간,전기,
배열,방식,따라,햇빛,반,사량,지구,온도,
준공,따라,하동,화력,본부,본격,가동,
시기,따라,농작물,변화,상태,
자동차,배출,가스,저감,대책,따라,정부,자동차,정지,상태,배출,가스,
시기,따라,농작물,변화,상태,
자동차,관리법,따라,대기,환경,규제,지역,인구,이상,도시,전국,규정,적용,지역,지역,대상,돼,실정,도,농통,합,지역,현실,
경우,교통,정체,상황,따라,교통,흐름,
절,감량,따라,포인트,
도,따라,환경,산업,지원,
정책,마련,요구,따라,방통,위,효율,상호,연동,운영,방안,사업자,이용,기관,인센티브,제공,활성,방안,
대기,환경,보전,법,따라,시멘트,업계,폐기물,연료,대기오염,물질,배출,량,
세배,따라,환경부,내년,시멘트,공장,주변,마을,곳,상시,대기,정망,
비율,따라,목부,펠릿,수피,함량,이하,수피,펠릿,수피,함량,이상,일반,펠릿,수피,함량,종,구분,품질,크기,강도,밀도,물리,특성,발열량,회분,함수율,열량,특성,염소,질소,유해,성분,함유량,물리,화학,특성,
관리,따라,방통,위,지난달,방송,통신망,기반,센서,네트워크,연계,검증,선도,과제,사업자,
설치,따라,순천,지역,대기오염,측정,장치,설치,장소,설치,곳,
정도,따라,병기,
성장,따라,야기,고비,용저,효율,공간,구조,환경,도시,환경,문제,
지적,따라,특별,단속,계획,
증가,따라,일선,시,군,경찰,소방서,석유,관리원,관계,기관,합동,동안,특별,단속,
경중,따라,주사,약물,치료,
예상,따라,급,대형,고급,차량,폰,명품,휴대폰,고가,프리미엄,제품,
예상,따라,급,대형,고급,차량,폰,명품,휴대폰,고가,프리미엄,제품,
확정,따라,이후,자체,과제,발굴,의견,수렴,
빛,따라,색상,연출,목,부분,크리스털,느낌,투명,디자인,이뤄져,디자인,멋,
핵심,경영,화두,따라,계열사,구체,사업,계획,
개발,따라,형,대기오염,측정,장비,
조,따라,과태료,
급증,따라,대기오염,물질,배출,량,도시,대기오염,이상,
급증,따라,대기오염,물질,배출,량,도시,대기오염,이상,
기술,사용,계약,따라,이택,개발,기술,
보완,따라,남산,도심,
계획,따라,시,고속버스,터미널,시외버스,터미널,경유,사용,버스,대해,자동차,배출,가스,허용,기준,초과,여부,공회전,지역,고시,고속버스,터미널,시외버스,터미널,화물,터미널,
조,운행,차,배출,허용,기준,규정,따라,고속버스,터미널,시외버스,터미널,경유,사용,버스,대해,자동차,배출,가스,허용,기준,초과,여부,자동차,배출,가스,관련,부품,임의,조작,단속,
기상청,따라,오전,오후,사이,노출,
정부,방침,따라,행정,도시,
대두,따라,수도,고속,직행,철도,사업,
우려,따라,관내,건설,공사장,
상생,협약,따라,가구,업체,원료,사용,잔,재목,톱밥,
협약,따라,가구,업체,원료,사용,잔,재목,톱밥,
협약,따라,가구,업체,원료,사용,잔,재목,톱밥,
전망,따라,포천,지역,염색,업체,가구,업체,오전,청사,상생,협약,
이해관계,따라,국제,공조,과정,발생,갈등,경쟁,문제,해결,
계획,따라,유치,시설,용지,하부,부지,조성,정부,상부,건축,민간,사업자,공모,
생활,환경,따라,천식,알레르기,비염,
추후,업무,택시,이용,실적,따라,최대,교통,유발,부담금,
추진,따라,인근,자치,단체,관광객,유치,
연령,따라,포,
지원,따라,사료,곡물,구입,폐기,비용,절감,수입자,보세,창고,운영,폐기,비용,절감,농산물,소각,폐기,대기오염,방지,농산물,조기,처분,보세,창고,공간,활용,증진,흐름,촉진,효과,
기준,따라,공동,주택,
배기가스,배출,량,따라,부과,대표,나라,의원,대기오염,저감,친환경,자동차,이용,활성,
대기,환경,보전,법,따라,수년,전,석탄,
대기,환경,보전,법,규정,따라,액체,연료,사용,보일러,증발량,기준,시간,이상,시설,대해서,굴뚝,자동,측정,기기,
경우,법,따라,처벌,사업장,
대기,환경,보전,법,규정,따라,액체,연료,사용,보일러,증발량,기준,시간,이상,시설,굴뚝,자동,측정,기기,
공동,추진,따라,행복,청,신재,에너지,사업,조명,급행,버스,시스템,도입,에너지,효율,향상,분야,수목,식재,습지,조성,배출,량,저감,사업,
요구,따라,지난해,산,연,관,민,참여,연료,정책,검토,협의회,
특례법,따라,시장,지방,지정,승인,
가동,따라,산업,기술,시험,원,성능,시험,오염,물질,측정,
방침,따라,환경,본부,인터넷,홈페이지,
발생,따라,실시간,대기오염,물질,
도심,녹지,따라,열섬,현상,
기록,따라,도공,본부,말,단말기,보급,
주변,환경,따라,집증,후군,예방,제품,아토피,치료,캠프,아토피,방지,상품,서비스,주목,
도심,녹지,따라,열섬,현상,
경우,사안,따라,사법,기관,고발,조치,행정,처분,
적발,여부,따라,신고,보상금,
개발,따라,향후,국내,도시,시범,지역,
면,따라,제목,
식목,적기,앞당겨,따라,매년,실시,식목,행사,
대기,환경,보전,법,따라,자동차,공회전,지역,
도,따라,
변화,따라,시민,도심,속,자연,
선정,따라,교육,학기,술부,장관,표창,상금,
임금,따라,생산,기지,
양산,따라,시기,
권역,따라,자동차,통,행량,총량,
확대,따라,원거리,민원인,불편,해소,
통과,따라,경대,병역,
녹색,성장,국가,전략,따라,기존,화석,에너지,
남해안,따라,이뤄지고,이유,수도,일사량,이유,대기오염,분석,일사량,안개,관련,수도,대기오염,안개,먼지,결합,연무,현상,정도,먼지,안개,중간,햇볕,
남해안,따라,이뤄지고,이유,수도,일사량,이유,대기오염,분석,일사량,안개,관련,수도,대기오염,안개,먼지,결합,연무,현상,정도,먼지,안개,중간,햇볕,
법원,결정,따라,지난해,조건부,적합,통보,
시,따라,선수,대회,전,사업비,
발생,따라,인근,주민,피해,대기오염,
용역,따라,창,원대,발전,연구,센터,시,제출,재창조,
시점,따라,제각각,기능,양호,실정,교수,도시,경관,개선,관리,방향,최초,계획,도시,기본,틀,비교,
체결,따라,광해,관리,공단,정부,토양,복원,산림,복구,수질,개선,광해,관리,기술,제도,기준,
규제,완화,정책,따라,폐지,부활,올해,현대,중공업,경우,걸쳐,임시,항해,검사,
증가,따라,토양,비옥,관리,판매,이윤,
나이,따라,운명,
설치,본격,가동,따라,주민,비상,대책,위원회,
전력,수급,계획,따라,지역,건설,화력,발전소,배출,량,제외,
방침,따라,청정,연료,대기오염,물질,
요청,따라,보험,상품,
젖줄,따라,구간,
요청,따라,보험,상품,
기준,따라,옥상,녹화,
겨울,최악,인해,대기오염,관심,가운데,도,
먼지,인해,피해,
대기,인해,운영,
공기,오염,인해,수도,시민,기대,수명,단축,재앙,
대기,인해,운영,
도민,인해,고통,
차량,연료,인해,대기오염,사회,문제,대두,기술,협약,
대북,제재,인해,구체,성과,당장,논의,
특성,인해,대기,질소,산화물,감소,효과,
게이트,인해,질소,산화물,
천식,폐암,인해,사망,치료,
스모그,인해,고속도,곳,
스트레스,인해,피부,
스모그,인해,항공편,지연,속출,안전,
규모,폭죽,인해,
노후,경유,차,인해,대기오염,
기단,변화,인해,늦가을,겨울,시점,규모,발생,추정,황사,지역,황사,해,황사,도시,
교통,여건,인해,창조,문화,도시,성공,여건,
폭발,위험,인해,자동,기술,낙후,분야,무용,도료,상선,적용,도장,로봇,자동,장비,개발,탄력,
집단,에너지,시설,준공,인해,향후,수도,안정,전력,수급,
공해,인해,도심,해,조기,사망,대기오염,취학,연령,아동,두뇌,발달,악영향,
산불,인해,세계,오염,곳,제목,기사,대기오염,모니터링,사이트,어스,데이터,
집단,에너지,시설,준공,인해,향후,수도,안정,전력,수급,
대기,정체,인해,다음,날,고농,예상,당일,오후,초미세,먼지,평균,농도,
국내,대기,정체,인해,대기오염,상태,북풍,계열,기류,국외,영향,
국내,대기,정체,인해,농도,상승,상태,북풍,계열,기류,국외,영향,
대기,정체,인해,축적,해소,서쪽,지역,
공해,인해,민원,
물질,인해,목숨,
겨울철,자동차,배출,가스,인해,발생,대기오염,물질,
에너지,확대,정책,인해,태양광,발전,
기후,변화,인해,앞,폭염,발생,확률,전망,따라,오존,주요,전구물질,질소,산화물,휘발,유기,화합물,저감,정책,마련,시민,저감,실천,요구,대기오염,물질,배출,량,기준,지역,질소,산화물,도로,도로,염원,부문,휘발,유기,화합물,유기,용제,사용,생산,공정,부문,다량,배출,나타나,해당,부문,
석탄,인해,발생,대량,발,서해,건너,
자동,조절,인해,연료,낭비,대기,환경,
기후,현상,인해,군민,건강,재산,피해,
중,무역,전쟁,인해,올해,경제,성장,목표,달성,정부,대기오염,기준,
흡연,인해,태아,영향,
황사,인해,대기오염,녹지,환경,
모발,인해,고민,사람,
산불,인해,방출,탄소,입자,보라색,반,지역,먼지,입자,
대기오염,인해,간,교육,내용,
산불,인해,배출,탄소,입자,
화재,사건,인해,디젤차,생산,
폭염,인해,발생,각종,질환,대비,폭염,대책,
대기오염,인해,실내,놀이,각광,가운데,건담,전문점,건담,대표,창업,열기,성공,소자본,창업,아이템,예비,창업자,각광,
생산,활동,인해,주민,부정,영향,
흡수,인해,표면,온도,주변,전체,온도,
차량,이동,인해,농작물,피해,예상,사업,백지화,목소리,
근래,인해,시야,
학교,앞,공장,인해,방음벽,
태풍,인해,피해,
일자리,인해,소득세,
알칼리,침출수,인해,토양,수질,망간,아연,
알칼리,침출수,인해,토양,수질,망간,아연,
세분화,인해,도시,지역,군,지역,
대기오염,물질,인해,변국,피해,확인,적극,대책,
대기오염,물질,인해,인근,주민,고통,
선박,사고,인해,유출,기름,유해,화학,물질,초점,환경,업무,유출,기름,방제,주안점,
자외선,인해,비타민,생성,피부,사람,피부,멜라닌,색소,자외선,
이용,인해,대기오염,
자외선,인해,대기오염,물질,광화학,반응,오존,생성,이동,낮,시간,동안,제주,
최근,인해,시민,건강,생활,권리,
환경,국장,인해,대기오염,실내,공기,중요,부각,이번,사업,건강,취약,계층,안심,환경,
시,환경,국장,인해,대기오염,실내,공기,중요,부각,이번,사업,건강,취약,계층,안심,환경,
비전,인해,행복,서산,
오염,물질,인해,대기오염,문제,대두,상황,국내,선사,기존,대비,추진,선,선가,국내,부족,연료,공급,체계,발주,소극,정부,국제,해양,환경,규제,
반면,인해,정부,근본,대책,
배설물,인해,녹색,타지마할,오명,
시도,때,인해,건강,치명,위협,
유예,기간,인해,과거,기준,인증,차량,상세,등급,파악,
흡연,분진,가스,누출,취사,난방,인해,발생,연기,장기간,노출,경우,조직,손상,질환,
간접흡연,인해,흡수,독성,물질,산화,스트레스,손상,
최근,초미세,먼지,인해,대기오염,우려,이번,행사,녹지,공간,
먼지,인해,세계,보건,기구,기준,수치,
아토피,알레르기,피부염,인해,사자,토끼,이야기,몸속,용사,
일교차,인해,지표면,기온,대기,상층부,대기,정체,대기오염,
대기오염,인해,국가,관심,쏠려,가운데,대나무,이산화,탄소,흡수력,소나무,배,산소,방출,량,나무,대기오염,
옷,인해,실내,농도,귀,후,옷,
시멘트,생산,활동,인해,전력,소비,증가,기록,증가세,
최근,산업,인해,하늘,
저감,대책,인해,노후,석탄,화력,발전소,가동,
양성,종양,인해,수술,
사고,인해,폐차,정도,파손,가죽,시트,
대기오염,물질,인해,인근,주민,고통,
대기오염,물질,인해,인근,주민,고통,
대기오염,물질,인해,인근,주민,고통,
대기오염,물질,인해,인근,주민,고통,
대기오염,물질,인해,인근,주민,고통,
발생,인해,경제,피해,
환경,기준,강화,인해,일수,주의보,경보,발령,일수,예년,난다며,지난해,국내,배출,량,저감,
황사,인해,호흡기,질환,발생,때,증상,기관지,코,목,건조,
과밀화,인해,집값,교통,체증,대기오염,문제,
염,인해,수면,지장,임도,다인,이비인후과,병원,알레르기,비염,센터,장,봄철,증상,
대기오염,물질,인해,인근,주민,고통,
대기오염,물질,인해,인근,주민,고통,
아스,콘,공장,인해,대기오염,피해,고통,
목재,인해,인류,에너지,
신규,석탄,발전소,인해,저감,효과,주장,제기,대표,정부,이날,노후,석탄,발전소,가동,
이번,판결,인해,도시,당장,디젤차,금지,
경우,호흡,곤란,인해,일상,생활,
경우,호흡,곤란,인해,일상,생활,
영향,인해,발생,신체,질환,정신,건강,영향,
기후,변화,인해,발생,폭염,한파,폭설,시민,삶,질,경제,활동,직접,영향,
안전,이슈,인해,폭,성장,흐름,
대기,정체,인해,농도,전망,등급,보통,경우,경우,일,경우,발령,실외,활동,특별,행동,제약,
최근,북극,한파,인해,추위,전역,걸쳐,상황,기승,
최근,북극,한파,인해,추위,전역,걸쳐,상황,기승,
보안,코드,인해,오류,발생,
보안,코드,인해,오류,발생,
알칼리,침출수,인해,토양,수질,오염,
알칼리,침출수,인해,토양,수질,오염,
알칼리,침출수,인해,토양,수질,오염,
알칼리,침출수,인해,토양,수질,오염,
알칼리,침출수,인해,토양,수질,오염,
때,발령,인해,앞,스케이트장,오전,운영,중단,시민,문자,대기,환경,정보,홈페이지,대기오염,전광판,
알칼리,침출수,인해,토양,수질,오염,
초미세,먼지,인해,실외,활동,외출,보건,마스크,
경우,호흡,곤란,인해,일상,생활,
매개,물질,인해,허파,꽈리,벽,염증,세포,
호흡,곤란,인해,활동,결과,뼈,근육,악순환,
오토바이,인해,발생,대기오염,
경제,성장,인해,인간,풍요,안락,
한계,인해,대선,공약,
정차,역,인해,불편,대중교통,인식,교통,정체,대기오염,
문제,인해,발생,주장,업체,허가,취소,처분,경우,법,대응,
석탄,사용,인해,연간,이산화,탄소,배출,량,
도시,인해,석탄,사용,아황산가스,
위협,인해,걱정,
공급,부족,문제,인해,난방,대란,따라,환경부,도시,대해,일부,도시,경우,석탄,난방,
은행나무,인해,가게,안,악취,진동,손님,떨어져,보행,
경우,호흡,곤란,인해,일상,생활,
산업,구조,인해,대기오염,수질,오염,전반,환경,문제,
발,인해,어려움,
휴가철,인해,행락객,천변,쓰레기,
생활,요인,인해,발생,산화력,유전자,
응답자,인해,일상,생활,속,불편,
수리,비용,기대,인해,최근,도심지,자동차,외형,복원,업소,일부,업소,불법,오염,방지,시설,판금,행위,
수리,비용,기대,인해,최근,도심지,자동차,외형,복원,업소,일부,업소,불법,오염,방지,시설,판금,행위,
노후,발전,시설,인해,국민,관심,집중,시,시기,대기오염,저감,
노후,발전,시설,인해,국민,관심,집중,시,시기,대기오염,저감,
노후,발전,시설,인해,국민,관심,집중,시,시기,대기오염,저감,
노후,화력,인해,국민,관심,집중,시,시기,대기오염,저감,
시장,확대,인해,수요,확대,수급,대기오염,물질,배출,량,증가,여부,기존,소외,계층,반발,
구조,인해,차량,제조,단가,
연구,위원,인해,중금속,오염,물질,
세계,기후,변화,인해,대기오염,기록,홍수,장기,가뭄,산불,식량,문제,곡물,가격,폭,바이러스,확산,보건,문제,인류,수명,단축,나아가,정치,안정,폭동,야기,점,
탄소,배출,량,인해,신재,에너지,적용,여부,
지구,온난,인해,악성,바이러스,특유,번식,환경,조성,보통,바이러스,구조,
강물,인해,표층수,염화,현상,발생,
공해,문제,인해,화석,연료,사용,
환경,오염,문제,제기,인해,당국,발걸음,분주,선전,경제특구,신구,
사막,인해,자연,모래,흙먼지,편서풍,
기대,인해,쇼핑객,외출,
기타,약물,인해,증상,발생,경우,보통,천식,호흡,곤란,기침,증상,
운영,인해,폐수,대기오염,문제,퐁,지역,
스모그,인해,나흘,후유증,희생,세계,
대기오염,인해,두피,각종,노폐물,쌓여,스트레스,
자동차,인해,발생,일산,탄소,대기오염,감소,효과,온실가스,배출,
해,동안,인해,조기,사망,사람,달,연구,결과,
건설,인해,관광,자원,맹방,변의,훼손,예상,사업,취소,
화력,발전소,가동,인해,대기오염,가중,지적,태양광,생산,가능,친환경,신재,에너지,보급,
정책,인해,업체,순수,전기,차,개발,자원,
시멘트,공장,인해,산림,자체,산림,훼손,먼지,
배기가스,인해,대기,환경,오염,인체,피해,
감기,인해,발생,기온,습도,변화,대기오염,위생,생활,환경,비타민,영양,결핍,유전,영향,
황사,인해,대기오염,날,바깥,활동,
대기오염,인해,나흘,차량,부제,
공업화,인해,대기오염,물질,증가,
제품,개발,지연,인해,창업,후,매출,경우,대부분,지원,
포함,중금속,노출,인해,주민,향후,건강,상,영향,
대기오염,인해,세계,발생,조기,사망자,수,
스모그,인해,차량,운행,제한,학교,공장,문,
심장,질환,인해,혈전,뇌혈관,
석탄,화력,발전소,신규,가동,인해,관리,에너지,경제,연구원,에너지,수요,전망,내년,발전,석탄,수요,역대,최대,
대기오염,물질,인해,유발,호흡기,염증,객담,과다,분비,블레오마이신,유발,섬유,화증,영향,이름,발표,논문,과학,기술,논문,인용,색인,급,국제,학술지,신호,연구,팀,섬유,화증,
대기오염,물질,인해,유발,호흡기,염증,객담,과다,분비,블레오마이신,유발,섬유,화증,영향,
대기오염,인해,유발,호흡기,질환,치료,블레오마이신,유발,섬유,화증,치료,부분,도움,
악취,인해,사업,분양,걸림돌,경우,옥천군,센터,
악취,인해,사업,분양,걸림돌,경우,옥천군,센터,
확산,인해,시민,건강,
대기오염,인해,조기,사망,발표,해,지구촌,곳곳,몸살,
대기오염,인해,질병,치료,비용,노동,생산,성장률,악영향,
운행,시간,단축,인해,연간,물류비,절감,대기오염,감소,환경,개선,효과,
지적,스모그,인해,휴업,기업,대기오염,관련,이슈,브랜드,
대기오염,인해,중산,
보일러,인해,걱정,마스크,
효과,인해,국가,국가,차원,보급,
정차,인해,사회,비용,차량,운행,정차,시간,대기오염,요금소,운영,비용,발생,
마찰,인해,손상,엔진,내부,금속,표면,
화전,인해,공기,오염,
생육,활동,인해,규칙,가지,인접,건물,피해,
흡연,분진,가스,취사,난방,인해,발생,연기,장기간,노출,경우,조직,손상,질환,
대기오염,심화,인해,친환경,효율,콘,보일러,관심,급증,글로벌,성공,신화,
침출수,인해,주변,수질,오염,대기오염,
화력,발전소,가동,인해,대기오염,환경,피해,해양,생태,변화,시민,건강,
노천,소각,인해,발생,환경,오염,
미세,먼지,인해,건강,영향,
농도,인해,영향,
자동차,인해,자국민,나라,환경,악,영향,
찜통더위,인해,기온,강수량,분석,한편,오존,산소,원자,산소,동소체,산소,가열,황산,전기분,자외선,선,음극선,공기,속,
대기오염,인해,폐암,뇌졸중,심장,마비,기관지염,관련,질환,
사망자,수,인해,감소,계산,보고서,세계인,사망,
교통,정체,인해,차량,운행,비용,통행,시간,교통사고,대기오염,각종,수치,증가,교통,혼잡,비용,
여름,무더위,인해,전체,전기,사용량,증가,블랙아웃,방지,
온실가스,발생,인해,기후,변화,유해,가스,의해,인체,피해,발생,단점,나라,원자력,발전,
정책,인해,생계,활동,
환경,오염,인해,예기,재산,건강,피해,
행정,처분,인해,황산화물,배출,허용,기준,
석탄,화력,발전소,인해,발생,초미세,먼지,대기오염,보령,지역,발전소,추가,건설,사망자,조사,보고서,
석탄,화력,발전소,인해,발생,초미세,먼지,대기오염,보령,진서,천태,안,지역,발전소,추가,건설,사망자,조사,보고서,
석탄,화력,발전소,인해,발생,초미세,먼지,대기오염,보령,지역,발전소,추가,건설,경우,사망자,조사,보고서,
석탄,화력,발전소,인해,발생,초미세,먼지,대기오염,보령,지역,발전소,추가,건설,경우,사망자,조사,보고서,
석탄,화력,발전소,인해,발생,초미세,먼지,대기오염,보령,지역,발전소,추가,건설,경우,사망자,조사,보고서,
석탄,화력,발전소,인해,발생,초미세,먼지,대기오염,보령,진서,천태,안,지역,발전소,추가,건설,사망자,조사,보고서,
산업,혁명,인해,향후,일자리,사라진다고,시점,지역,
버스,인해,동안,대기오염,물질,버스,배출,전기,버스,운행,대기오염,물질,대기,환경,개선,차량,연료비,절감,버스,운영,여건,
습도,인해,여드름,
대외,변수,인해,상황,경쟁력,
가동,인해,발생,대기오염,물질,
대기오염,물질,인해,공기,농도,증가,일기,예보,농도,상태,
황사,인해,대기오염,사회,문제,대두,주변,열,병합,발전소,가동,환경,보전,대기오염,예방,
요인,스트레스,인해,아토피,
석탄,화력,발전소,인해,발생,초미세,먼지,대기오염,보령,지역,발전소,추가,건설,경우,사망자,보고서,
석탄,화력,발전소,인해,발생,초미세,먼지,대기오염,보령,지역,발전소,추가,건설,경우,사망자,조사,보고서,
대기오염,인해,질병,치료,비용,노동,생산,성장률,악영향,
변화,대기오염,인해,증가,어린이,천식,아토피,피부염,비염,알레르기성,질환,
대기오염,인해,증가,천식,아토피,피부염,알레르기,비염,알레르기,질환,
한계,인해,세계,각국,석탄,시대,
사용,인해,대기오염,돈,
경유,차,배출,가스,조작,사건,인해,국민,생명,신체,규모,위험,발생,국민,피해,우려,수준,적정,보호,
유가,보조금,제도,인해,배출,량,화물차,버스,운행,
기름,값,인해,경유,차,
황사,인해,대기오염,
날림,먼지,악취,대기오염,물질,인해,주민,생활,환경,건강,
고령화,인해,노인,이불,
기온,인해,환자,병원,
노후화,인해,처리,물량,감소,고장,어려움,
사업,투자,인해,도시,가스,마을,도로,포장,동네,공원,서민,사업,소외,문제점,
자동차,매연,인해,발생,공회전,
대기오염,인해,알레르기,질환,증가,따라,인식,
대기오염,인해,알레르기,질환,증가,따라,인식,
변화,인해,알레르기,질환,지속,증가,추세,예방,사업,
대기오염,인해,알레르기,질환,증가,따라,인식,
발,황사,인해,대기오염,관심,자발,비산,먼지,저감,노력,중요,시기,규모,건설,공사장,토목,공사장,공사,관계자,적극,협조,
수몰,인해,여름,녹조,강,몸살,
수몰,인해,여름,녹조,강,몸살,
토양,오염,인해,주민,건강,영향,
황사,기간,동안,감기,인해,콧물,침,
황사,인해,평균,농도,이상,시간,지속,예상,때,주의보,경보,
경제,발전,인해,자동차,배기가스,난방,연료,
공회전,인해,대기오염,필요,에너지,소모,
지구,온난,인해,약화,북극,한기,남쪽,이동,
공회전,인해,대기오염,필요,에너지,소모,
영동,고속로,인해,연간,물류비,절감,대기오염,감소,환경,개선,효과,기대,민간,투자,사업,사업비,투입,현대,건설,건설사,컨소시엄,구성,주식회사,전체,구간,
환경,문제,인해,주민,피해,우려,득,실,부지,발전소,추진,
유발,인해,시민,건강,
유발,인해,시민,건강,
각종,장벽,인해,곳,
사태,인해,대결,
매연,인해,피해,
스모그,인해,초미세,먼지,연간,평균,농도,감축,목표,달성,말,올해,연간,대기,개선,목표,
업체,인해,집,
유해,물질,인해,대기오염,
대기오염,인해,낭패,
발생,인해,올해,매출,작년,비해,이상,급등,가격대,필터,교체,유지,관리,편리,제품,출시,반응,
이번,발표,인해,사람,걱정,일반,수준,가공육,우려,정도,중요,섭,취량,배,증가,때,위험,양,
먼지,인해,행사,도중,기침,장면,목격,원주,유치원,경우,인근,생태,체험,마을,체험,
차압,손실,인해,낭비,전력,
석유,화학,물질,인해,폭발,위험,판단,화재,발생,자정,반경,주민,
석유,화학,물질,인해,폭발,위험,판단,화재,발생,자정,반경,주민,
석유,화학,물질,인해,폭발,위험,판단,화재,발생,자정,반경,주민,
석유,화학,물질,인해,폭발,위험,판단,화재,발생,자정,반경,주민,
석유,화학,물질,인해,폭발,위험,판단,화재,발생,자정,반경,주민,
석유,화학,물질,인해,폭발,위험,판단,화재,발생,자정,반경,주민,
석유,화학,물질,인해,폭발,위험,판단,화재,발생,자정,반경,주민,
석유,화학,물질,인해,폭발,위험,판단,화재,발생,자정,반경,주민,
석유,화학,물질,인해,폭발,위험,판단,화재,발생,자정,반경,주민,
석유,화학,물질,인해,폭발,위험,판단,화재,발생,자정,반경,주민,
석유,화학,물질,인해,폭발,위험,판단,화재,발생,자정,반경,주민,
석유,화학,물질,인해,폭발,위험,판단,화재,발생,자정,반경,주민,
석유,화학,물질,인해,폭발,위험,판단,화재,발생,자정,반경,주민,
분리수거,인해,발생,토양,오염,대기오염,수질,오염,자신,피해,
호흡기,감염,인해,천식,증상,
흡연,대기오염,인해,만성,폐쇄성,환자,기능,검사,
운행,인해,비산,먼지,발생,기본,살수,시설,가동,도로,발생,흙먼지,인해,주변,대기오염,
폐지,인해,기준,
사태,인해,사망자,발생,인해,
일정,부문,점유,인해,자동차,이용자,불편,
교통,정체,인해,발생,유류,시간,비용,산출,인,연간,교통,혼잡,비용,도시,한규,교통,수요,관리,팀장,승용차,증가세,보인다며,대중교통,이용,편의,
대기오염,인해,주민,건강,
대기오염,인해,주민,건강,
대기오염,인해,주민,건강,
대기오염,인해,피부,밸런스,
흡수,인해,표면,온도,주변,전체,온도,
기후,변화,인해,안,동식물,인류,생존,
화물,자동차,불법,주차,인해,발생,교통사고,문제,안전사고,소음,대기오염,공해,경기,도민,생활,상당,불편,위험,
도시,인해,도시,내부,발생,인공,폐열,대기오염,건축물,포장,도로,영향,도심지,상공,주변,교외,지역,비해,온도,현상,
기후,변화,서식지,파괴,대기오염,인해,위험,사실,
시민,인해,준비,간,의자,동나,일부,바닥,토론,강연,귀,
전,인해,시민,건강,해,
반대,여론,인해,발전소,
노화,인해,감소,황반,색소,밀도,
발생,인해,대기오염,상황,공공,기관,민간단체,기업,
기능,저하,인해,안구,표면,보호,
고농,인해,공기,국민,우려,관심,때,대기오염,물질,발생,사업장,관리,방안,필요,시점,말,실장,민,관,연,문제점,
증가,인해,환자,수,증가,의료,눈,관련,질환,의원,병,의원,내원,비율,건강,보험,심사,평가,원,통계,연평균,인원,내원,연평균,진료비,
요인,인해,영양분,공급,체내,화,火,화기,火氣,눈,올라가,증상,발현,본다고,말,원장,치료,체내,기운,
천식,인해,야간,기침,
대기오염,인해,선진국,
피부,속,수분,증발,인해,피부,건조,잔주름,세안,피부,
천식,인해,숨소리,천명,喘鳴,
대기오염,인해,선진국,
대기오염,인해,선진국,
진정,작용,스트레스,완화,천연,방향제,역할,인해,아기,숙면,
원거리,수급,구조,인해,발전소,지역,대기오염,발전,온배수,해양,배출,송전선,등,환경,사회,경제,피해,
태양,광선,인해,광화학,반응,
악취,인해,주민,피해,
당장,인해,전자,상거래,업체,아마존,
환경,인해,각종,피부,문제,발생,피부,
피부,인해,불편,
뇌졸중,인해,의식,
겨울,황사,인해,수도,
목표,대비,인해,시장,
실태,파악,해야,인해,천식,호흡기,질환,세계,은행,지역,
유해,물질,인해,목안,기침,
밀착력,감소,인해,차단,효과,주의,후,눈,이물감,느껴,소금물,인공,눈물,세안,액,
황사,노출,인해,증상,담당,의사,상의,약물,복용,치료,
대기오염,인해,발생,미립자,구름,속,구름,폭풍,패턴,
황사,인해,
중,인해,제품,유입,내수,중소기업,타격,
경우,호흡,곤란,인해,일상,생활,
매개,물질,인해,허파,꽈리,벽,염증,세포,
호흡,곤란,인해,활동,뼈,근육,악순환,
소득,증대,인해,건강,관리,
호응,인해,향후,스키,관광,붐,
소득,증대,인해,건강,관리,
경제,불황,인해,어려움,
공해,인해,
면도,인해,자극,피부,
면도,인해,자극,피부,
면도,인해,자극,피부,
매개,물질,인해,허파,꽈리,벽,염증,세포,
정체,인해,시간,대기오염,비용,인,연간,
호흡기,감염,인해,천식,증상,
발,인해,대기오염,경각심,이제,계절,
기온,인해,몸,안,혈관,수축,기본,에너지,소비량,감소,에너지,지방,몸,안,축적,추위,
새벽,공기,인해,새벽,운동,
대기오염,인해,산소,
악화,인자,인해,조절,천식,증상,악화,천식,환자,요즘,겨울철,조심,
매연,인해,대기오염,요인,지목,매연,저감,장치,장치,
연료,부족,인해,생산,고형,연료,이용,상태,형,연료,사용,
보도,인해,아침,운동,
보도,인해,아침,운동,
특성,인해,환경,악영향,
폐타이어,인해,미관,자연환경,오염,지적,시,주민,군부대,심학,산,
폐타이어,인해,미관,자연환경,오염,지적,시,주민,군부대,심학,산,
만성,질병,인해,목숨,
추후,중증,환자,인해,발생,사회,비용,
연기,인해,대기오염,주범,비난,
연기,인해,대기오염,주범,비난,
도시,개발,인해,훼손,자연,경관,복원,공원,공원,산림,하천,
황산화물,인해,대기오염,
대기오염,인해,사람,건강,관심,점,
자가용,출퇴근,인해,교통,체증,대기오염,부작용,상황,국제,기후,보호,시범,도시,
도시,인해,도시,내부,발생,인공,폐열,대기오염,건축물,포장,도로,영향,도심지,상공,주변,교외,지역,비해,온도,현상,
도심,열섬,인해,폭염,열대야,일수,증가,요인,분석,대책,수립,필요,상황,센터,올해,도심,열섬,저감,방안,
도시,인해,도시,내부,발생,인공,폐열,대기오염,건축물,포장,도로,영향,도심지,상공,주변,교외,지역,비해,온도,현상,
소나타,인해,판매,감소,결과,
기도,송전,문제,인해,발전소,
석탄,사용,인해,대기오염,위험,수준,
응고,인해,적혈구,세포,구석구석,산소,
태풍,인해,
유해,시설,인해,해당,주민,피해,의식,
경제,성장,인해,대기오염,물질,배출,량,변화,자료,부족,정확,예보,기술,한계,
섬유,인해,산소,
연료,단지,인해,안심,지역,공기,질,지속,청,원활,대책,
초단,기간,경제,성장,인해,숨쉬기,정도,오염,국가,오염,
최근,대기오염,인해,벌레,소독,
남용,인해,인간,
인구,증가,인해,오염,심화,자정,능력,범위,
매연,인해,공기,
위협,인해,국내,시장,대기오염,관심,풀이,환경,보호,부,발표,환경,상황,보고서,지난해,스모그,일수,평균,최대치,
개발,인해,천연가스,가격,날,상황,천연가스,판로,
개발,인해,천연가스,가격,날,상황,천연가스,판로,
소음,인해,주민,불만,주민,군청,민원,
꽃가루,황사,인해,피부,광,
수출,성장,인해,전년,동기,대비,증가,
수출,성장,인해,전년,동기,대비,증가,
수출,성장,인해,지난해,기간,대비,증가,
꽃가루,인해,증상,예방법,
변화,인해,알레르기성,질환,
산업,인해,대기,문제,천연가스,버스,전면,도입,도시,가스,보급,공해,유발,업체,수도,이전,조치,개선,여지,도시,실험,정보,정책,기술,
환경,요소,인해,발생,손상,
대기오염,인해,연간,최대,조,재정,손실,
경제,제재,인해,원유,
보험,기간,스모그,인해,질병,
공간,설계,인해,활용,비용,부담,입주민,전가,주민,
자동차,인해,발생,대기오염,온실가스,
대기오염,문제,인해,환경,관련,사업,
자동차,인해,발생,대기오염,온실가스,
시내버스,조조할인,인해,발생,버스,회사,결손,시행,현재,버스,업체,지원,대해,시,차원,전면,점검,
붕괴,인해,생성,방사선,가스,세계,보건,기구,라돈,
최근,인해,대기오염,취약,계층,호흡기,환자,심폐,환자,어린이,건강,적신호,가정,학교,주,사항,
최근,인해,대기오염,취약,계층,호흡기,환자,심폐,환자,어린이,건강,적신호,가정,학교,주,사항,
스모그,인해,인민,바깥출입,
발,인해,대기오염,가운데,봄철,황사,기승,
이용,인해,발생,대기오염,증가,에너지,고갈,가속,
스모그,인해,농산물,가격,폭등,가능,거론,농산물,가격,글로벌,곡물,시장,파동,휩싸,점,우려,스모그,빛,
황사,인해,아황산가스,유해,물질,포함,
실제,이번,운영,기간,인해,차례,잠정,중단,시,스케이트,신발,보관,장소,오전,분무,소독,
부당,인해,청정,지역,이미지,훼손,주민,부담,가중,철회,
대기오염,인해,운동,산책,야외,활동,불안,
개발,인해,심화,열섬,현상,
세계,태양광,시장,수요,증가,인해,매출액,증가,개선,예상,영업,이익,개선,업체,편차,
연료비,부담,인해,무산,그동안,공석,대표,이사,취임,정도,여건,마련,본사,
전,가습기,살균제,인해,사람,사망,치명,질병,
재해,인해,시설물,붕괴,인,물,피해,
비료,공장,인해,고찰,통도사,악취,지난해,민원,제기,악취,대기오염,민원,만약,재생,에너지,소각장,의료,폐기물,소각장,둔갑,가동,된다면,주민,주민,생존,사수,
비료,공장,인해,고찰,통도사,악취,지난해,민원,제기,악취,대기오염,민원,만약,재생,에너지,소각장,의료,폐기물,소각장,둔갑,가동,된다면,주민,주민,생존,사수,
기후,변화,인해,생명,위협,환경,노출,해석,따라,대학교,병원,공동,연구,
스모그,인해,이하,진간,방향,노선,핑구,平,谷,방향,일부,구간,폐쇄,조치,이날,오전,중심가,블,럭,정도,거리,시,상징,건축물,빌딩,國,
변화,인해,집,먼지,진드기,흡연,애완,동물,털,대기오염,알레르기,질환,악화,요인,증가,진안군,지역,주민,건강,증진,
정당,정치,인해,특정인,종속,부작용,
소음,인해,시민,불편,
화석,연료,감소,인해,인기,언급,글로벌,시장,관심,
초미세,먼지,인해,건강,
공사,인해,차선,
대기오염,인해,식생,파괴,여천,공단,주변,산지,
발,스모그,인해,스모그,방지,비상,스모그,흰색,띠,만리장성,거대,위용,대기오염,문제,
분진,인해,암,백혈병,주민,피해,채굴,분쇄,광물,찌꺼기,발생,비산,먼지,대기오염,환경,건강,피해,
분진,인해,암,백혈병,주민,피해,채굴,분쇄,광물,찌꺼기,발생,비산,먼지,대기오염,환경,건강,피해,
절감,효과,인해,열,병합,발전소,시민,소득,지원,육영,사업,지자체,복지,혜택,
순례자,인파,인해,교통,문제,
칸막이,인해,발,회색,재앙,
알레르기,염증,반응,인해,반복,발작,만성,질환,공기,길,기관지,점막,근육,경련,
이번,인해,관련,제품,특수,
기업,인해,고배,
고농,인해,학생,피해,우려,발생,학생,피해,
녹색,운동,인해,에너지,절약,지구,온난화,
초미세,먼지,인해,폐암,분석,나와,충격,
초미세,먼지,인해,폐암,분석,나와,충격,
산업,인해,환경,문제,대기오염,
스모그,인해,폐암,사실,당국,스모그,생식,능력,면역,체계,악영향,
스모그,인해,폐암,사실,당국,스모그,생식,능력,면역,체계,악영향,
스모그,인해,시내,온종일,시민,마스크,
스모그,인해,시내,온종일,시민,마스크,
공사,인해,교통,체증,대기오염,예상,설,명회,공청회,
공사,인해,교통,체증,대기오염,예상,설,명회,공청회,
각종,관련,비용,증가,인해,해,교통,요금,
방파,인해,파도,높이,파고,최대,증가,온배수,해안선,
온배수,인해,어장,해수,온도,경우,피해,반경,피해,정도,구체,산출,저감,대책,마련,강조,주민,어업,종사자,한눈,이해,영향,자료,나와야,발전소,
앞,사거리,교차,부분,건물,인해,시야,확보,교통사고,위험,중앙,교통섬,
앞,사거리,교차,부분,건물,인해,시야,확보,사고,위험,따라,추진,이번,사업,원형,중앙,교통섬,
발달,인해,자연,인공,물질,종이,유통,증거,
매립지,인해,고통,
조성,인해,폐수,무단,방류,대형,차량,통행,인해,주민,피해,
태양,광선,인해,광화학,반응,
태양,광선,인해,광화학,반응,
편차,인해,자동차,중심,
경우,호흡,곤란,인해,일상,생활,
경우,호흡,곤란,인해,일상,생활,
매개,물질,인해,허파,꽈리,벽,염증,세포,
악취,인해,학습,건강,위협,
보유,인해,연일,보도,주차,난,교통사고,체증,
환경,오염,인해,해,경제,손실,
대기오염,인해,자국민,기대,수명,최신,연구,결과,대해,근거,불편,심기,
처리,단가,인해,민간,업체,처리,
성상,인해,생활소,시설,처리,고정,관념,연구,시험,소각,결과,협잡물,혼합,소각,가능,대기오염,악취,발생,문제,자유,결론,
경우,호흡,곤란,인해,일상,생활,
경우,호흡,곤란,인해,일상,생활,
경우,호흡,곤란,인해,일상,생활,
간,천식,인해,지급,건강,보험,진료비,
간,천식,인해,지급,건강,보험,진료비,
이번,결단,인해,투자,기업,자회사,주,열,병합,발전소,건설,가능,이날,대통령,주재,미래,산업,환경,국토,부,정부,관계,부처,장관,금융,위,위원장,유관,기관,경제,국회의원,참석,가운데,무역,투자,진흥회,열,병합,발전소,건설,
부족,인해,발전소,건립,곤란,
일교차,인해,장쑤,지역,병원,
사막,인해,황사,발생,급속,도시,대기오염,심해,실내,공기,관리,
이번,비,인해,최근,잇따라,발생,산불,
노출,인해,암,위험,암,마을,사실,
환경,문제,인해,불가,입장,속,시민,단체,에너지,정책,근본,원인,
도시,열섬,현상,인해,급상승,도시,온도,
폭죽,인해,도시,대기오염,몸살,
때,폭죽놀이,인해,전역,화재,발생,폭죽,연기,대기오염,
날씨,인해,탱크,배관,
배기가스,인해,대기오염,주범,자동차,자전거,발,페달,
완충,녹지,인해,사유,재산,침해,
보도,인해,아침,운동,
아침,안개,인해,오염,농도,운동,호흡량,해서,인체,해,실제,도시,지역,대기,연중,오염,물질,호흡,코,
진동,대기오염,경관,파괴,인해,동학,성지,면모,손상,전망,선생,수도,처,시민,심신,수양,휴식처,인성,교육,장,활용,사실,
진동,대기오염,경관,파괴,인해,동학,성지,면모,손상,전망,선생,수도,처,시민,심신,수양,휴식처,인성,교육,장,활용,사실,
도로,건설,인해,경관,
도로,건설,인해,경관,
흡연,인해,발병,금연,절주,
기술,부족,인해,방지,시설,활성탄,교체,주기,
의료,폐기물,업체,인해,대기오염,수질,악화,업체,입주,
지정,폐기물,인해,악취,고통,
의료,폐기물,업체,인해,대기오염,수질,악화,업체,입주,
스크린,도어,인해,라돈,농도,증가,라돈,관리,강화,대책,
스크린,도어,인해,라돈,농도,증가,라돈,관리,강화,대책,
수증기,인해,저기압,상승,기류,
경제,인해,타격,
흡연,대기오염,인해,폐,기도,염증,생겨,호흡,곤란,질환,천식,호흡,곤란,기침,가래,기도,증상,
밀집,인해,대기오염,악화,지역,연구,결과,극동,경우,질소,이산화,지금,배,증가,북부,지역,오존,량,예상,연구소,대책,
사실,인해,일자리,
기업,수요,문제,인해,감원,답,계절,요인,재무,상황,구조,조정,
공단,조성,인해,실익,
비,인해,펭귄,인간,편리,시작,지구,온난,산업,발전,곳,집중,인류,발전,
기초,질서,인해,문화,관광,환경,의식,면,낙제점,
낙타,인해,경우,발생,먼지,도시,날아가,대기오염,
판결,인해,미국인,행동,
악취,인해,외지인,인상,
정책,인해,연간,이상,사회,경제,비용,낭비,주장,제기,경기,개발,연구원,고속도,운영,문제점,개선,방안,연구,속도,제한,손실,비용,연간,정상,주행,요금,자동,징수,스마트,톨,
풍속,인해,오존,발생,개연,따라,고농,오존,피해,예방,
디젤차,인해,과거,대기오염,주범,자동차,기후,변화,시대,와서,국내,온실가스,배출,량,
차이,인해,중소기업,피해,사례,대책,마련,중앙,최근,협동조합,
소아,면역,체계,약화,인해,천식,아토피,질환,증가,따라,
흙먼지,인해,대기오염,
저질,연료,사용,인해,대기오염,위험,수준,사례,이상,발생,대기오염,방지,대책,도시,지역,
저질,연료,사용,인해,대기오염,위험,수준,사례,이상,발생,대기오염,방지,대책,도시,지역,
저질,연료,사용,인해,대기오염,위험,수준,사례,이상,발생,대기오염,방지,대책,도시,지역,
논밭,두렁,소각,부주의,인해,산불,경우,연평균,전체,산불,
알레르기,반응,인해,염증,발생,상태,
인증,센터,유치,인해,동남,산업,차별,
증상,악화,문제,인해,학교,결석,의료,부담,증가,사회,활동,제약,삶,질,저하,사회,경제,부담,
훼손,인해,자연,생태계,
훼손,인해,자연,생태계,
배출,인해,악취,대기오염,
보수,공사,인해,동안,화장장,승화,원,
대기오염,인해,지역,주민,각계,각층,반대,목소리,
공해,업체,인해,고통,
쓰레기,불법,소각,인해,대기오염,법소,행위,인해,발생,매연,악취,유해,가스,환경,오염,
침수,인해,발생,잿빛,곰팡이,병,
폭설,인해,사망,가구,정전,
폭우,인해,전국,사망,실종,부상,인명,피해,기상,전문가,지구촌,근본,원인,
대기오염,인해,알레르기,질환,증가,아토피,환자,소아,따라,관내,초등,동변,초등,교,
온배수,인해,어류,산란,장소,파괴,해양,생태,변화,어민,피해,
약화,인해,천식,아토피,피부염,알레르기,질환,발생,증가,아토피,피부염,경우,재발,증상,악화,인해,일상,생활,공부,지장,응답,청소년,조사,의료비,부담,사회,활동,제약,사람,질,저하,사회,경제,부담,
이번,복합,환경,기초,시설,기공식,인해,최근,성공,추진,현안,부지,개발,사업,스퀘어,개발,사업,미사,보금자리,주택,지구,개발,사업,위례,도시,개발,사업,친환경,복합,조성,사업,규모,개발,사업,탄력,
해당,사업,부진,인해,화물차,전환,사업,
공단,특성,인해,대기오염,물질,배출,점,
냉방기,사용,인해,기록,전력,사용량,
이상,기후,인해,시설,채소,과수,농가,냉해,일조량,부족,피해,
냉방기,사용,인해,기록,전력,사용량,
이상,기후,인해,시설,채소,과수,농가,냉해,일조량,부족,피해,
최근,고유,인해,발생,유사,석유,판매,행위,관내,석유,판매,업소,의식,제고,
증가,인해,꽃가루,알레르기,고통,국민,기상청,국립,기상,연구소,소장,이날,오후,학교,기후,변화,꽃가루,알레르기,대응,
온실가스,인해,야기,기후,정상,양상,건강,대기,수질,해양,생태,직접,영향,
경우,인해,성인병,아토피,천식,알레르기성,비염,고통,
이산화,탄소,배출,인해,스모그,공기,오염,각종,문제,발생,
안전사고,인해,시민,불안감,안전,관리,대책,강화,지적,
공급,인해,주,연간,수익,
교통,정체,인해,발생,교통사고,대기오염,차량,소음,증가,경제,환경,피해,추세,근본,대책,필요,상태,관련,
확대,인해,국내,물가,가운데,고물가,시대,
연소,인해,발암,물질,벤조,파일,렌,
전량,사료,인해,기존,방식,소각,때,발생,음식물,쓰레기,잔량,
정도,떨어져,인해,바람,비,경우,폐아,의해,비산,먼지,침출수,오염,우려,폐기물,처리,업체,의해,위탁,처리,지정,적치장,적치,관련,업체,
전량,사료,인해,기존,방식,소각,때,발생,음식물,쓰레기,잔량,
주거,환경,인해,알레르기,
주거,환경,인해,알레르기,
조성,인해,전력,수요,대비,배,증가,예상,안정,전력,공급,
기온,상승,인해,오존,농도,예상,간,인구,밀도,차량,통행,전역,
행진,인해,대량,유통,적발,지난달,수사,기관,지자체,유관,기관,유사,석유,단속,
산불,인해,이산화,탄소,
약화,인해,감기,환절기,질병,요즘,대기오염,건조,날씨,지속,감기,바이러스,기승,
화물,자동차,인해,교통,체증,도로,파손,대기오염,소음,공해,피해,
발생,인해,인명,피해,
한편,최근,기후,변화,인해,미래,대기,악화,분석,대기오염,물질,오존,농도,증가,추세,전국,주요,도시,오존,경보,
한편,최근,기후,변화,인해,미래,대기,악화,분석,대기오염,물질,오존,농도,증가,추세,전국,주요,도시,오존,경보,
에너지,가격,정책,인해,환경,에너지,효율,주요,선진국,비해,교통,에너지,환경,세,대해,재원,교통,시설,투자,집중,정비,효율,
전기,냉동,장치,인해,세탁물,정전기,발생,때,건조기,회수,축적,유증,불꽃,전국,여회,대형,화재,
우라늄,광산,개발,인해,금산군,
개발,인해,지역,환경,오염,
우라늄,개발,인해,청정,이미지,실추,따라,지역,경제,회복,치명타,
활동,인해,환경,고유,기능,상실,
고압,선로,인해,지역,지상,정도,거미줄,고압,선로,피해,
광산,침수,인해,생산,차질,
경우,호흡,곤란,인해,일상,생활,
산소,요법,호흡,곤란,인해,활동,량,뼈,근육,악순환,
차량,주행,인해,도로,비산,먼지,제거,
사용,인해,제조,원가,상승,효율,에너지,공급,시스템,어려움,
지연,인해,그동안,처리,폐기물,
정지,인해,그동안,처리,폐기물,
각종,생활,습관,병,인해,피해,환자,본인,사회,손실,인생,나이,사회,적응,
절대,인해,피해,
차량,배출,가스,인해,대기오염,
특성,인해,삶,질,
대학생,창업,인해,일자리,발상,창업,프로젝트,
미네랄,인해,전구,불,미네랄,혈액,체액,농도,
요인,인해,국내,무연탄,수요,평상시,증가,때,
나무,인해,도심,녹지,올해,
나무,인해,도심,녹지,올해,
태풍,인해,생면부지,땅,억류,고생,
경제,성장,인해,기후,대기,환경,감시,중요,시점,이번,워크숍,
단순,소각,처리,인해,발생,토양,오염,대기오염,
금융,위기,인해,그동안,경제,
태양,광선,인해,광화학,반응,
원유,유출,사고,인해,화석,연료,의존도,우려,가운데,대통령,관련,기관,상용,트럭,버스,온실가스,배출,연비,구체,기준,
환경,파괴,인해,인간,생활,패턴,걱정,자신,잘못,생활,패턴,환경,
태양,광선,인해,광화학,반응,
먼지,인해,빙하,연구,결과,후원,라이브,사이언스,최근,온라인,잡지,
유사,석유,관련,카툰,시리즈,유사,석유,폐해,관련,연구,분석,자료,유사,석유,인해,자동차,부품,다양,볼거리,
호흡,곤란,인해,생명,지장,
변화,인해,집,먼지,진드기,대기오염,아토피,질환,
아토피,질환,인해,앞,프로그램,
자동차,배출,가스,노출,인해,발생,여부,주요,쟁점,법원,사건,
국제,유가,상승,인해,폐타,열분해,오일,사업,매력,사업,부각,관심,
환경,요인,인해,증가,환경,질환,아토피,천식,
환경,요인,인해,증가,아토피,천식,환경,질환,
환경,요인,인해,증가,환경,질환,아토피,천식,
황사,인해,전국,농도,국립,환경,학원,전국,도시,측정,월,평균,대기오염,자료,
황사,인해,토양,기원,중금속,성분,철,망간,농도,증가,반면,납,카드뮴,유해,중금속,성분,일부,지역,
부도,인해,장기간,공사,중단,아파트,신축,현장,관리,각종,폐기물,몸살,
훼손,인해,자연,생태계,
훼손,인해,자연,생태계,
탄소,인해,대기,환경,기준,
흡연,인해,기침,가래,생각,진료,
흡연,인해,기침,가래,생각,진료,
석탄,인해,배출,전체,
추정,인해,교통사고,감소,비용,대기오염,물질,감소,효과,절감,이산화,탄소,감소,효과,교통,혼잡,비용,감소,효과,사회,비용,절감,전망,주행,거리,연동,자동차,보험,자동차,정보,수집,장치,블랙박스,
정보,수집,장치,비용,인해,할인,금액,소비자,자동차,보험,가입,시스템,구축,비용,소극,가능,제도,활성,경제,혜택,
통합,인해,혜택,
기관지염,증과,기도,수축,인해,기도,발생,전형,증상,천식,기침,일반,감기,기침,구분,경우,발작,밤,경향,구분,도움,
조작,인해,동안,역할,
자동차,인해,발생,환경,영향,
경우,인해,포름알데히드,오염,물질,방출,
담배,소송,인해,대기오염,소송,대기오염,소송,운동,연합,
경제,여건,인해,폐기물,처리,비용,
냉난,방기,인해,실내,건조,눈물,질환,증가,치료,불편,병,
대강,인해,재정,확보,어려움,사업,부족,점,걸림돌,작용,국토,부,철도,이용,확대,신항,경제,
공기,오염,인해,발병,폐암,천식,질환,수,
경직,인해,증가,항공,교통량,
경직,인해,증가,항공,교통량,
수요,증가,인해,발생,대기오염,주범,차량,매연,배출,가스,
인구,유출,인해,수년전,적체,미분양,주택,해소,수도,지역,공급,확대,지방,거래,침체,
차,인해,관공서,인근,주민,해당,관공서,항,전화,
산불,인해,면적,배,산림,소실,전역,
부품,인해,부품,업체,유기,관계,
시멘트,공장,인해,인근,지역,환경,부담,가중,사실,환경,오염,배출,시설,형평,문제,환경,분쟁,조정,기존,법,테두리,구제,방법,
증가,인해,앞,도내,도심지,
노출,인해,자외선,피부,손상,
피지,분비,대기오염물,인해,피부,
정책,인해,도심,
이해관계,인해,실현,가능,지역,축적,규모,자금,조달,능력,역내,개발,자금,수요,
이해관계,인해,실현,가능,지역,축적,규모,증가,자금,조달,능력,역내,개발,자금,수요,
스모그,인해,여행,
해수면,상승,인해,규모,토지,손실,습지대,감소,물고기,새,서식,처,감소,생태,사태,
대기오염,물질,인해,산성화,비,
대기오염,물질,인해,산성화,비,
자녀,결혼식,인해,정도,치료,
거품,현상,인해,소비자,피해,
거품,현상,인해,소비자,피해,
불법,유사,석유,인해,차량,고장,대기오염,발생,주택가,화재,안전사고,발생,유관,기관,합동,특별,단속,
유사,석유,인해,차량,고장,대기오염,발생,주택가,화재,폭발,안전사고,발생,유관,기관,합동,특별,단속,
도시,여건,변화,인해,도시,기본,계획,
불법,유사,석유,인해,차량,고장,대기오염,발생,주택가,화재,안전사고,발생,유관,기관,합동,특별,단속,
자동차,공회전,인해,연간,연료,낭비,온난화,
요인,인해,조기,사망,질병,
환경,문제,인해,어린이,건강,위협,
만성,염증,인해,천식,환자,호흡,거림,호흡,곤란,가슴,밤,새벽,아침,기침,
페인트,용제,사용,인해,화학,물질,배출,업종,일부,중소기업,화학,물질,배출,량,공개,시기,
오존층,파괴,인해,피부암,면역,감퇴,내장,각종,질병,유발,자전거,이용,교통,혼잡,감소,대기오염,발생,물질,배출,감소,이어져,환경,오염,피해,
이번,프로젝트,인해,시민,대기,관심,
최근,대기오염,인해,오존층,파괴,필요,이상,방사,피부,눈,면역,체계,문제,
날씨,인해,평상시,햇살,느껴,기상청,따라,오전,오후,사이,노출,
태양,광선,인해,화학,반응,
참여,인해,각종,감면,액,
환경,인해,유해,중금속,노출,상황,중금속,중독,건강,
환경,인해,유해,중금속,노출,상황,중금속,중독,건강,
페인트,분진,인해,재산,피해,배상,
케이블카,인해,몸살,
산업,활동,인해,대기오염,악화,수도,인구,밀도,에너지,비형,경제,구조,
산불,인해,훼손,숲,
때,글로벌,경제,위기,인해,판매량,감소,상황,지적,조사,처,자동차,산업,내수,판매,
해사,부두,인해,인구,밀집,지역,터미널,인근,생활,지역,대기오염,피해,
증가,인해,인류,건강,악영향,
대기오염,물질,인해,천식,심장병,질환,발생,악화,초목,농작물,생태계,
경우,황사,발생,인해,평상시,농도,사실,환경,자원,연구원,연동,정소,정소,대기,상황,
최근,고유,인해,자전거,출퇴근,사람,증가,건강,삶,질,향상,
트럭,운송,인해,각종,도로,정체,대기오염,상황,항도,선박,하역,
볏짚,소각,인해,야기,대기오염,방지,조사료,안정,공급,활용,제고,볏짚,수거,중요,자리,
석면,인해,질환,발생,소식,충격,
부제,의해서,대기,개선,효과,사례,오염,때,호흡기,질환,노인,어린이,호흡기,심혈,관,집중,피해,
대기,정체,의해서,국내,자동차,발전소,배,출원,배출,질소,산화물,
염증,반응,의해서,혈관,손상,
원인,의해서,발생,결론,
대기오염,호흡기,감염,의해서,발생,탄광,석재,회사,근무,터널,지하철,굴진,발파,경력,근로자,흡연,경력,직업,사람,관련,전문가,도움,
공해,의해서,악화,세안,손,
대부분,흡연,의해서,발생,담배,
대부분,흡연,의해서,발생,담배,
요인,의해서,가속,프리,래디컬,세포,
탈취,필터,의해서,냄새,유해,가스,
오리나무,자작나무,참나무,의해서,발생,도시,꽃가루,독성,
황사,담배,연기,스트레스,의해서,증상,악화,경우,발생,아토피,비누,아토피,크림,아토피,로션,아토피,보습,사용,아토피,치료법,알레르기,비염,치료,
황색,색소,의해서,천식,발작,첨가물,
믹,소마,바이러스,의해서,떡갈나무,싹,
원인,의해서,발병,유전,알콜,섭취,대기오염,식이,습관,원인,판시,법원,판결,앞서,교수,감정,
전기,의해서,전기,사용,
매립,후,알칼리,침출수,의해서,중금속,토양,수질,
대기오염,물질,의해서,기도,자극,기도,염증,천식,악화,평소,천식,경우,호흡,곤란,건강,사람,후두염,알레르기성,비염,폐,
컨디션,의해서,알레르기성,비염,악화,
이산화,탄소,포집,기술,의해서,저장,석탄,
스트레스,의해서,악화,
온도,의해서,때,별똥별,속,금속,고유,색깔,
